County Name,Annual Rate,Type of Rate,Overdose Type,Time Measure,Year,Time Period,Year Date Start,Date Revised ,Notes,County Code Number,County Code Text,State FIPS Code,County FIPS Code,Latitude/Longitude
ADAMS,0.45,Percent of Emergency Department Visits Related to Overdose,Any Drug Overdose,Annual Rates,2017,2017,01/01/2017,04/20/2018,,1,1,42,1,"(39.8720956503, -77.2222427076)"
ADAMS,1.87,Rate of Emergency Department Visits Related to Overdose per 1000 Population,Any Drug Overdose,Annual Rates,2017,2017,01/01/2017,04/20/2018,,1,1,42,1,"(39.8720956503, -77.2222427076)"
ADAMS,0.05,Percent of Emergency Department Visits Related to Overdose,Any Opioid Overdose,Annual Rates,2017,2017,01/01/2017,04/20/2018,,1,1,42,1,"(39.8720956503, -77.2222427076)"
ADAMS,0.25,Rate of Emergency Department Visits Related to Overdose per 1000 Population,Any Opioid Overdose,Annual Rates,2017,2017,01/01/2017,04/20/2018,,1,1,42,1,"(39.8720956503, -77.2222427076)"
ADAMS,0.02,Percent of Emergency Department Visits Related to Overdose,Heroin Overdose,Annual Rates,2017,2017,01/01/2017,04/20/2018,,1,1,42,1,"(39.8720956503, -77.2222427076)"
ADAMS,0.12,Rate of Emergency Department Visits Related to Overdose per 1000 Population,Heroin Overdose,Annual Rates,2017,2017,01/01/2017,04/20/2018,,1,1,42,1,"(39.8720956503, -77.2222427076)"
ALLEGHENY,0.96,Percent of Emergency Department Visits Related to Overdose,Any Drug Overdose,Annual Rates,2017,2017,01/01/2017,04/20/2018,,2,2,42,3,"(40.4673554298, -79.9861984282)"
ALLEGHENY,4.29,Rate of Emergency Department Visits Related to Overdose per 1000 Population,Any Drug Overdose,Annual Rates,2017,2017,01/01/2017,04/20/2018,,2,2,42,3,"(40.4673554298, -79.9861984282)"
ALLEGHENY,0.32,Percent of Emergency Department Visits Related to Overdose,Any Opioid Overdose,Annual Rates,2017,2017,01/01/2017,04/20/2018,,2,2,42,3,"(40.4673554298, -79.9861984282)"
ALLEGHENY,1.5,Rate of Emergency Department Visits Related to Overdose per 1000 Population,Any Opioid Overdose,Annual Rates,2017,2017,01/01/2017,04/20/2018,,2,2,42,3,"(40.4673554298, -79.9861984282)"
ALLEGHENY,0.23,Percent of Emergency Department Visits Related to Overdose,Heroin Overdose,Annual Rates,2017,2017,01/01/2017,04/20/2018,,2,2,42,3,"(40.4673554298, -79.9861984282)"
ALLEGHENY,1.1,Rate of Emergency Department Visits Related to Overdose per 1000 Population,Heroin Overdose,Annual Rates,2017,2017,01/01/2017,04/20/2018,,2,2,42,3,"(40.4673554298, -79.9861984282)"
ARMSTRONG,0.49,Percent of Emergency Department Visits Related to Overdose,Any Drug Overdose,Annual Rates,2017,2017,01/01/2017,04/20/2018,,3,3,42,5,"(40.8150952555, -79.4731689893)"
ARMSTRONG,4,Rate of Emergency Department Visits Related to Overdose per 1000 Population,Any Drug Overdose,Annual Rates,2017,2017,01/01/2017,04/20/2018,,3,3,42,5,"(40.8150952555, -79.4731689893)"
ARMSTRONG,0.09,Percent of Emergency Department Visits Related to Overdose,Any Opioid Overdose,Annual Rates,2017,2017,01/01/2017,04/20/2018,,3,3,42,5,"(40.8150952555, -79.4731689893)"
ARMSTRONG,1.13,Rate of Emergency Department Visits Related to Overdose per 1000 Population,Any Opioid Overdose,Annual Rates,2017,2017,01/01/2017,04/20/2018,,3,3,42,5,"(40.8150952555, -79.4731689893)"
ARMSTRONG,0.06,Percent of Emergency Department Visits Related to Overdose,Heroin Overdose,Annual Rates,2017,2017,01/01/2017,04/20/2018,,3,3,42,5,"(40.8150952555, -79.4731689893)"
ARMSTRONG,0.78,Rate of Emergency Department Visits Related to Overdose per 1000 Population,Heroin Overdose,Annual Rates,2017,2017,01/01/2017,04/20/2018,,3,3,42,5,"(40.8150952555, -79.4731689893)"
BEAVER,0.26,Percent of Emergency Department Visits Related to Overdose,Any Drug Overdose,Annual Rates,2017,2017,01/01/2017,04/20/2018,,4,4,42,7,"(40.6834924548, -80.3510735648)"
BEAVER,1.51,Rate of Emergency Department Visits Related to Overdose per 1000 Population,Any Drug Overdose,Annual Rates,2017,2017,01/01/2017,04/20/2018,,4,4,42,7,"(40.6834924548, -80.3510735648)"
BEAVER,0,Percent of Emergency Department Visits Related to Overdose,Any Opioid Overdose,Annual Rates,2017,2017,01/01/2017,04/20/2018,,4,4,42,7,"(40.6834924548, -80.3510735648)"
BEAVER,0.24,Rate of Emergency Department Visits Related to Overdose per 1000 Population,Any Opioid Overdose,Annual Rates,2017,2017,01/01/2017,04/20/2018,,4,4,42,7,"(40.6834924548, -80.3510735648)"
BEAVER,0,Percent of Emergency Department Visits Related to Overdose,Heroin Overdose,Annual Rates,2017,2017,01/01/2017,04/20/2018,,4,4,42,7,"(40.6834924548, -80.3510735648)"
BEAVER,0.16,Rate of Emergency Department Visits Related to Overdose per 1000 Population,Heroin Overdose,Annual Rates,2017,2017,01/01/2017,04/20/2018,,4,4,42,7,"(40.6834924548, -80.3510735648)"
BEDFORD,0.68,Percent of Emergency Department Visits Related to Overdose,Any Drug Overdose,Annual Rates,2017,2017,01/01/2017,04/20/2018,,5,5,42,9,"(40.0073753643, -78.4911647381)"
BEDFORD,3.06,Rate of Emergency Department Visits Related to Overdose per 1000 Population,Any Drug Overdose,Annual Rates,2017,2017,01/01/2017,04/20/2018,,5,5,42,9,"(40.0073753643, -78.4911647381)"
BEDFORD,0.13,Percent of Emergency Department Visits Related to Overdose,Any Opioid Overdose,Annual Rates,2017,2017,01/01/2017,04/20/2018,,5,5,42,9,"(40.0073753643, -78.4911647381)"
BEDFORD,0.66,Rate of Emergency Department Visits Related to Overdose per 1000 Population,Any Opioid Overdose,Annual Rates,2017,2017,01/01/2017,04/20/2018,,5,5,42,9,"(40.0073753643, -78.4911647381)"
BEDFORD,0.07,Percent of Emergency Department Visits Related to Overdose,Heroin Overdose,Annual Rates,2017,2017,01/01/2017,04/20/2018,,5,5,42,9,"(40.0073753643, -78.4911647381)"
BEDFORD,0.43,Rate of Emergency Department Visits Related to Overdose per 1000 Population,Heroin Overdose,Annual Rates,2017,2017,01/01/2017,04/20/2018,,5,5,42,9,"(40.0073753643, -78.4911647381)"
BERKS,0.76,Percent of Emergency Department Visits Related to Overdose,Any Drug Overdose,Annual Rates,2017,2017,01/01/2017,04/20/2018,,6,6,42,11,"(40.4193963513, -75.9307732705)"
BERKS,3.05,Rate of Emergency Department Visits Related to Overdose per 1000 Population,Any Drug Overdose,Annual Rates,2017,2017,01/01/2017,04/20/2018,,6,6,42,11,"(40.4193963513, -75.9307732705)"
BERKS,0.16,Percent of Emergency Department Visits Related to Overdose,Any Opioid Overdose,Annual Rates,2017,2017,01/01/2017,04/20/2018,,6,6,42,11,"(40.4193963513, -75.9307732705)"
BERKS,0.58,Rate of Emergency Department Visits Related to Overdose per 1000 Population,Any Opioid Overdose,Annual Rates,2017,2017,01/01/2017,04/20/2018,,6,6,42,11,"(40.4193963513, -75.9307732705)"
BERKS,0.13,Percent of Emergency Department Visits Related to Overdose,Heroin Overdose,Annual Rates,2017,2017,01/01/2017,04/20/2018,,6,6,42,11,"(40.4193963513, -75.9307732705)"
BERKS,0.49,Rate of Emergency Department Visits Related to Overdose per 1000 Population,Heroin Overdose,Annual Rates,2017,2017,01/01/2017,04/20/2018,,6,6,42,11,"(40.4193963513, -75.9307732705)"
BLAIR,0.72,Percent of Emergency Department Visits Related to Overdose,Any Drug Overdose,Annual Rates,2017,2017,01/01/2017,04/20/2018,,7,7,42,13,"(40.4855502384, -78.349076871)"
BLAIR,3.83,Rate of Emergency Department Visits Related to Overdose per 1000 Population,Any Drug Overdose,Annual Rates,2017,2017,01/01/2017,04/20/2018,,7,7,42,13,"(40.4855502384, -78.349076871)"
BLAIR,0.18,Percent of Emergency Department Visits Related to Overdose,Any Opioid Overdose,Annual Rates,2017,2017,01/01/2017,04/20/2018,,7,7,42,13,"(40.4855502384, -78.349076871)"
BLAIR,0.94,Rate of Emergency Department Visits Related to Overdose per 1000 Population,Any Opioid Overdose,Annual Rates,2017,2017,01/01/2017,04/20/2018,,7,7,42,13,"(40.4855502384, -78.349076871)"
BLAIR,0.09,Percent of Emergency Department Visits Related to Overdose,Heroin Overdose,Annual Rates,2017,2017,01/01/2017,04/20/2018,,7,7,42,13,"(40.4855502384, -78.349076871)"
BLAIR,0.43,Rate of Emergency Department Visits Related to Overdose per 1000 Population,Heroin Overdose,Annual Rates,2017,2017,01/01/2017,04/20/2018,,7,7,42,13,"(40.4855502384, -78.349076871)"
BRADFORD,0.27,Percent of Emergency Department Visits Related to Overdose,Any Drug Overdose,Annual Rates,2017,2017,01/01/2017,04/20/2018,,8,8,42,15,"(41.7911781401, -76.5182562384)"
BRADFORD,1.88,Rate of Emergency Department Visits Related to Overdose per 1000 Population,Any Drug Overdose,Annual Rates,2017,2017,01/01/2017,04/20/2018,,8,8,42,15,"(41.7911781401, -76.5182562384)"
BRADFORD,0.01,Percent of Emergency Department Visits Related to Overdose,Any Opioid Overdose,Annual Rates,2017,2017,01/01/2017,04/20/2018,,8,8,42,15,"(41.7911781401, -76.5182562384)"
BRADFORD,0.18,Rate of Emergency Department Visits Related to Overdose per 1000 Population,Any Opioid Overdose,Annual Rates,2017,2017,01/01/2017,04/20/2018,,8,8,42,15,"(41.7911781401, -76.5182562384)"
BRADFORD,0.01,Percent of Emergency Department Visits Related to Overdose,Heroin Overdose,Annual Rates,2017,2017,01/01/2017,04/20/2018,,8,8,42,15,"(41.7911781401, -76.5182562384)"
BRADFORD,0.13,Rate of Emergency Department Visits Related to Overdose per 1000 Population,Heroin Overdose,Annual Rates,2017,2017,01/01/2017,04/20/2018,,8,8,42,15,"(41.7911781401, -76.5182562384)"
BUCKS,0.95,Percent of Emergency Department Visits Related to Overdose,Any Drug Overdose,Annual Rates,2017,2017,01/01/2017,04/20/2018,,9,9,42,17,"(40.335011331, -75.1129124111)"
BUCKS,3.52,Rate of Emergency Department Visits Related to Overdose per 1000 Population,Any Drug Overdose,Annual Rates,2017,2017,01/01/2017,04/20/2018,,9,9,42,17,"(40.335011331, -75.1129124111)"
BUCKS,0.12,Percent of Emergency Department Visits Related to Overdose,Any Opioid Overdose,Annual Rates,2017,2017,01/01/2017,04/20/2018,,9,9,42,17,"(40.335011331, -75.1129124111)"
BUCKS,0.53,Rate of Emergency Department Visits Related to Overdose per 1000 Population,Any Opioid Overdose,Annual Rates,2017,2017,01/01/2017,04/20/2018,,9,9,42,17,"(40.335011331, -75.1129124111)"
BUCKS,0.1,Percent of Emergency Department Visits Related to Overdose,Heroin Overdose,Annual Rates,2017,2017,01/01/2017,04/20/2018,,9,9,42,17,"(40.335011331, -75.1129124111)"
BUCKS,0.47,Rate of Emergency Department Visits Related to Overdose per 1000 Population,Heroin Overdose,Annual Rates,2017,2017,01/01/2017,04/20/2018,,9,9,42,17,"(40.335011331, -75.1129124111)"
BUTLER,0.58,Percent of Emergency Department Visits Related to Overdose,Any Drug Overdose,Annual Rates,2017,2017,01/01/2017,04/20/2018,,10,10,42,19,"(40.9108318483, -79.9171177889)"
BUTLER,2.32,Rate of Emergency Department Visits Related to Overdose per 1000 Population,Any Drug Overdose,Annual Rates,2017,2017,01/01/2017,04/20/2018,,10,10,42,19,"(40.9108318483, -79.9171177889)"
BUTLER,0.03,Percent of Emergency Department Visits Related to Overdose,Any Opioid Overdose,Annual Rates,2017,2017,01/01/2017,04/20/2018,,10,10,42,19,"(40.9108318483, -79.9171177889)"
BUTLER,0.34,Rate of Emergency Department Visits Related to Overdose per 1000 Population,Any Opioid Overdose,Annual Rates,2017,2017,01/01/2017,04/20/2018,,10,10,42,19,"(40.9108318483, -79.9171177889)"
BUTLER,0.03,Percent of Emergency Department Visits Related to Overdose,Heroin Overdose,Annual Rates,2017,2017,01/01/2017,04/20/2018,,10,10,42,19,"(40.9108318483, -79.9171177889)"
BUTLER,0.24,Rate of Emergency Department Visits Related to Overdose per 1000 Population,Heroin Overdose,Annual Rates,2017,2017,01/01/2017,04/20/2018,,10,10,42,19,"(40.9108318483, -79.9171177889)"
CAMBRIA,0.81,Percent of Emergency Department Visits Related to Overdose,Any Drug Overdose,Annual Rates,2017,2017,01/01/2017,04/20/2018,,11,11,42,21,"(40.4912749067, -78.7189417385)"
CAMBRIA,4.88,Rate of Emergency Department Visits Related to Overdose per 1000 Population,Any Drug Overdose,Annual Rates,2017,2017,01/01/2017,04/20/2018,,11,11,42,21,"(40.4912749067, -78.7189417385)"
CAMBRIA,0.24,Percent of Emergency Department Visits Related to Overdose,Any Opioid Overdose,Annual Rates,2017,2017,01/01/2017,04/20/2018,,11,11,42,21,"(40.4912749067, -78.7189417385)"
CAMBRIA,1.48,Rate of Emergency Department Visits Related to Overdose per 1000 Population,Any Opioid Overdose,Annual Rates,2017,2017,01/01/2017,04/20/2018,,11,11,42,21,"(40.4912749067, -78.7189417385)"
CAMBRIA,0.21,Percent of Emergency Department Visits Related to Overdose,Heroin Overdose,Annual Rates,2017,2017,01/01/2017,04/20/2018,,11,11,42,21,"(40.4912749067, -78.7189417385)"
CAMBRIA,1.17,Rate of Emergency Department Visits Related to Overdose per 1000 Population,Heroin Overdose,Annual Rates,2017,2017,01/01/2017,04/20/2018,,11,11,42,21,"(40.4912749067, -78.7189417385)"
CAMERON,,Not Applicable,Any Drug Overdose,Annual Rates,2017,2017,01/01/2017,04/20/2018,No Emergency Department Identified in County,12,12,42,23,"(41.4388026531, -78.2091693241)"
CAMERON,1.28,Rate of Emergency Department Visits Related to Overdose per 1000 Population,Any Drug Overdose,Annual Rates,2017,2017,01/01/2017,04/20/2018,No Emergency Department Identified in County,12,12,42,23,"(41.4388026531, -78.2091693241)"
CAMERON,,Not Applicable,Any Opioid Overdose,Annual Rates,2017,2017,01/01/2017,04/20/2018,No Emergency Department Identified in County,12,12,42,23,"(41.4388026531, -78.2091693241)"
CAMERON,0,Rate of Emergency Department Visits Related to Overdose per 1000 Population,Any Opioid Overdose,Annual Rates,2017,2017,01/01/2017,04/20/2018,No Emergency Department Identified in County,12,12,42,23,"(41.4388026531, -78.2091693241)"
CAMERON,,Not Applicable,Heroin Overdose,Annual Rates,2017,2017,01/01/2017,04/20/2018,No Emergency Department Identified in County,12,12,42,23,"(41.4388026531, -78.2091693241)"
CAMERON,0,Rate of Emergency Department Visits Related to Overdose per 1000 Population,Heroin Overdose,Annual Rates,2017,2017,01/01/2017,04/20/2018,No Emergency Department Identified in County,12,12,42,23,"(41.4388026531, -78.2091693241)"
CARBON,1.2,Percent of Emergency Department Visits Related to Overdose,Any Drug Overdose,Annual Rates,2017,2017,01/01/2017,04/20/2018,,13,13,42,25,"(40.9193670081, -75.7110703866)"
CARBON,5.74,Rate of Emergency Department Visits Related to Overdose per 1000 Population,Any Drug Overdose,Annual Rates,2017,2017,01/01/2017,04/20/2018,,13,13,42,25,"(40.9193670081, -75.7110703866)"
CARBON,0.36,Percent of Emergency Department Visits Related to Overdose,Any Opioid Overdose,Annual Rates,2017,2017,01/01/2017,04/20/2018,,13,13,42,25,"(40.9193670081, -75.7110703866)"
CARBON,1.53,Rate of Emergency Department Visits Related to Overdose per 1000 Population,Any Opioid Overdose,Annual Rates,2017,2017,01/01/2017,04/20/2018,,13,13,42,25,"(40.9193670081, -75.7110703866)"
CARBON,0.3,Percent of Emergency Department Visits Related to Overdose,Heroin Overdose,Annual Rates,2017,2017,01/01/2017,04/20/2018,,13,13,42,25,"(40.9193670081, -75.7110703866)"
CARBON,1.18,Rate of Emergency Department Visits Related to Overdose per 1000 Population,Heroin Overdose,Annual Rates,2017,2017,01/01/2017,04/20/2018,,13,13,42,25,"(40.9193670081, -75.7110703866)"
CENTRE,1.67,Percent of Emergency Department Visits Related to Overdose,Any Drug Overdose,Annual Rates,2017,2017,01/01/2017,04/20/2018,,14,14,42,27,"(40.9193135008, -77.8250011212)"
CENTRE,3.58,Rate of Emergency Department Visits Related to Overdose per 1000 Population,Any Drug Overdose,Annual Rates,2017,2017,01/01/2017,04/20/2018,,14,14,42,27,"(40.9193135008, -77.8250011212)"
CENTRE,0.05,Percent of Emergency Department Visits Related to Overdose,Any Opioid Overdose,Annual Rates,2017,2017,01/01/2017,04/20/2018,,14,14,42,27,"(40.9193135008, -77.8250011212)"
CENTRE,0.16,Rate of Emergency Department Visits Related to Overdose per 1000 Population,Any Opioid Overdose,Annual Rates,2017,2017,01/01/2017,04/20/2018,,14,14,42,27,"(40.9193135008, -77.8250011212)"
CENTRE,0.04,Percent of Emergency Department Visits Related to Overdose,Heroin Overdose,Annual Rates,2017,2017,01/01/2017,04/20/2018,,14,14,42,27,"(40.9193135008, -77.8250011212)"
CENTRE,0.11,Rate of Emergency Department Visits Related to Overdose per 1000 Population,Heroin Overdose,Annual Rates,2017,2017,01/01/2017,04/20/2018,,14,14,42,27,"(40.9193135008, -77.8250011212)"
CHESTER,0.63,Percent of Emergency Department Visits Related to Overdose,Any Drug Overdose,Annual Rates,2017,2017,01/01/2017,04/20/2018,Less than 100% of Emergency Departments in the County are Under Surveillance,15,15,42,29,"(39.9748705566, -75.7562649818)"
CHESTER,1.36,Rate of Emergency Department Visits Related to Overdose per 1000 Population,Any Drug Overdose,Annual Rates,2017,2017,01/01/2017,04/20/2018,Less than 100% of Emergency Departments in the County are Under Surveillance,15,15,42,29,"(39.9748705566, -75.7562649818)"
CHESTER,0.11,Percent of Emergency Department Visits Related to Overdose,Any Opioid Overdose,Annual Rates,2017,2017,01/01/2017,04/20/2018,Less than 100% of Emergency Departments in the County are Under Surveillance,15,15,42,29,"(39.9748705566, -75.7562649818)"
CHESTER,0.29,Rate of Emergency Department Visits Related to Overdose per 1000 Population,Any Opioid Overdose,Annual Rates,2017,2017,01/01/2017,04/20/2018,Less than 100% of Emergency Departments in the County are Under Surveillance,15,15,42,29,"(39.9748705566, -75.7562649818)"
CHESTER,0.08,Percent of Emergency Department Visits Related to Overdose,Heroin Overdose,Annual Rates,2017,2017,01/01/2017,04/20/2018,Less than 100% of Emergency Departments in the County are Under Surveillance,15,15,42,29,"(39.9748705566, -75.7562649818)"
CHESTER,0.21,Rate of Emergency Department Visits Related to Overdose per 1000 Population,Heroin Overdose,Annual Rates,2017,2017,01/01/2017,04/20/2018,Less than 100% of Emergency Departments in the County are Under Surveillance,15,15,42,29,"(39.9748705566, -75.7562649818)"
CLARION,0.45,Percent of Emergency Department Visits Related to Overdose,Any Drug Overdose,Annual Rates,2017,2017,01/01/2017,04/20/2018,,16,16,42,31,"(41.1927912877, -79.4248360769)"
CLARION,1.14,Rate of Emergency Department Visits Related to Overdose per 1000 Population,Any Drug Overdose,Annual Rates,2017,2017,01/01/2017,04/20/2018,,16,16,42,31,"(41.1927912877, -79.4248360769)"
CLARION,0.03,Percent of Emergency Department Visits Related to Overdose,Any Opioid Overdose,Annual Rates,2017,2017,01/01/2017,04/20/2018,,16,16,42,31,"(41.1927912877, -79.4248360769)"
CLARION,0.21,Rate of Emergency Department Visits Related to Overdose per 1000 Population,Any Opioid Overdose,Annual Rates,2017,2017,01/01/2017,04/20/2018,,16,16,42,31,"(41.1927912877, -79.4248360769)"
CLARION,,Suppressed/Not Displayed due to county between 1 and 4,Heroin Overdose,Annual Rates,2017,2017,01/01/2017,04/20/2018,,16,16,42,31,"(41.1927912877, -79.4248360769)"
CLARION,0.18,Rate of Emergency Department Visits Related to Overdose per 1000 Population,Heroin Overdose,Annual Rates,2017,2017,01/01/2017,04/20/2018,,16,16,42,31,"(41.1927912877, -79.4248360769)"
CLEARFIELD,0.61,Percent of Emergency Department Visits Related to Overdose,Any Drug Overdose,Annual Rates,2017,2017,01/01/2017,04/20/2018,Less than 100% of Emergency Departments in the County are Under Surveillance,17,17,42,33,"(41.0004290024, -78.4755834299)"
CLEARFIELD,2.3,Rate of Emergency Department Visits Related to Overdose per 1000 Population,Any Drug Overdose,Annual Rates,2017,2017,01/01/2017,04/20/2018,Less than 100% of Emergency Departments in the County are Under Surveillance,17,17,42,33,"(41.0004290024, -78.4755834299)"
CLEARFIELD,,Suppressed/Not Displayed due to county between 1 and 4,Any Opioid Overdose,Annual Rates,2017,2017,01/01/2017,04/20/2018,Less than 100% of Emergency Departments in the County are Under Surveillance,17,17,42,33,"(41.0004290024, -78.4755834299)"
CLEARFIELD,0.15,Rate of Emergency Department Visits Related to Overdose per 1000 Population,Any Opioid Overdose,Annual Rates,2017,2017,01/01/2017,04/20/2018,Less than 100% of Emergency Departments in the County are Under Surveillance,17,17,42,33,"(41.0004290024, -78.4755834299)"
CLEARFIELD,,Suppressed/Not Displayed due to county between 1 and 4,Heroin Overdose,Annual Rates,2017,2017,01/01/2017,04/20/2018,Less than 100% of Emergency Departments in the County are Under Surveillance,17,17,42,33,"(41.0004290024, -78.4755834299)"
CLEARFIELD,0.09,Rate of Emergency Department Visits Related to Overdose per 1000 Population,Heroin Overdose,Annual Rates,2017,2017,01/01/2017,04/20/2018,Less than 100% of Emergency Departments in the County are Under Surveillance,17,17,42,33,"(41.0004290024, -78.4755834299)"
CLINTON,0.34,Percent of Emergency Department Visits Related to Overdose,Any Drug Overdose,Annual Rates,2017,2017,01/01/2017,04/20/2018,,18,18,42,35,"(41.2328627374, -77.6428376046)"
CLINTON,0.74,Rate of Emergency Department Visits Related to Overdose per 1000 Population,Any Drug Overdose,Annual Rates,2017,2017,01/01/2017,04/20/2018,,18,18,42,35,"(41.2328627374, -77.6428376046)"
CLINTON,,Suppressed/Not Displayed due to county between 1 and 4,Any Opioid Overdose,Annual Rates,2017,2017,01/01/2017,04/20/2018,,18,18,42,35,"(41.2328627374, -77.6428376046)"
CLINTON,,Suppressed/Not Displayed due to county between 1 and 4,Any Opioid Overdose,Annual Rates,2017,2017,01/01/2017,04/20/2018,,18,18,42,35,"(41.2328627374, -77.6428376046)"
CLINTON,0,Rate of Emergency Department Visits Related to Overdose per 1000 Population,Heroin Overdose,Annual Rates,2017,2017,01/01/2017,04/20/2018,,18,18,42,35,"(41.2328627374, -77.6428376046)"
CLINTON,0,Percent of Emergency Department Visits Related to Overdose,Heroin Overdose,Annual Rates,2017,2017,01/01/2017,04/20/2018,,18,18,42,35,"(41.2328627374, -77.6428376046)"
COLUMBIA,0.53,Percent of Emergency Department Visits Related to Overdose,Any Drug Overdose,Annual Rates,2017,2017,01/01/2017,04/20/2018,Less than 100% of Emergency Departments in the County are Under Surveillance,19,19,42,37,"(41.0491208559, -76.4100217975)"
COLUMBIA,1.9,Rate of Emergency Department Visits Related to Overdose per 1000 Population,Any Drug Overdose,Annual Rates,2017,2017,01/01/2017,04/20/2018,Less than 100% of Emergency Departments in the County are Under Surveillance,19,19,42,37,"(41.0491208559, -76.4100217975)"
COLUMBIA,0.05,Percent of Emergency Department Visits Related to Overdose,Any Opioid Overdose,Annual Rates,2017,2017,01/01/2017,04/20/2018,Less than 100% of Emergency Departments in the County are Under Surveillance,19,19,42,37,"(41.0491208559, -76.4100217975)"
COLUMBIA,0.24,Rate of Emergency Department Visits Related to Overdose per 1000 Population,Any Opioid Overdose,Annual Rates,2017,2017,01/01/2017,04/20/2018,Less than 100% of Emergency Departments in the County are Under Surveillance,19,19,42,37,"(41.0491208559, -76.4100217975)"
COLUMBIA,0.02,Percent of Emergency Department Visits Related to Overdose,Heroin Overdose,Annual Rates,2017,2017,01/01/2017,04/20/2018,Less than 100% of Emergency Departments in the County are Under Surveillance,19,19,42,37,"(41.0491208559, -76.4100217975)"
COLUMBIA,0.15,Rate of Emergency Department Visits Related to Overdose per 1000 Population,Heroin Overdose,Annual Rates,2017,2017,01/01/2017,04/20/2018,Less than 100% of Emergency Departments in the County are Under Surveillance,19,19,42,37,"(41.0491208559, -76.4100217975)"
CRAWFORD,0.65,Percent of Emergency Department Visits Related to Overdose,Any Drug Overdose,Annual Rates,2017,2017,01/01/2017,04/20/2018,,20,20,42,39,"(41.6854690692, -80.1132108295)"
CRAWFORD,3.39,Rate of Emergency Department Visits Related to Overdose per 1000 Population,Any Drug Overdose,Annual Rates,2017,2017,01/01/2017,04/20/2018,,20,20,42,39,"(41.6854690692, -80.1132108295)"
CRAWFORD,0.07,Percent of Emergency Department Visits Related to Overdose,Any Opioid Overdose,Annual Rates,2017,2017,01/01/2017,04/20/2018,,20,20,42,39,"(41.6854690692, -80.1132108295)"
CRAWFORD,0.52,Rate of Emergency Department Visits Related to Overdose per 1000 Population,Any Opioid Overdose,Annual Rates,2017,2017,01/01/2017,04/20/2018,,20,20,42,39,"(41.6854690692, -80.1132108295)"
CRAWFORD,0.07,Percent of Emergency Department Visits Related to Overdose,Heroin Overdose,Annual Rates,2017,2017,01/01/2017,04/20/2018,,20,20,42,39,"(41.6854690692, -80.1132108295)"
CRAWFORD,0.46,Rate of Emergency Department Visits Related to Overdose per 1000 Population,Heroin Overdose,Annual Rates,2017,2017,01/01/2017,04/20/2018,,20,20,42,39,"(41.6854690692, -80.1132108295)"
CUMBERLAND,0.8,Percent of Emergency Department Visits Related to Overdose,Any Drug Overdose,Annual Rates,2017,2017,01/01/2017,04/20/2018,,21,21,42,41,"(40.167598388, -77.268662705)"
CUMBERLAND,2.79,Rate of Emergency Department Visits Related to Overdose per 1000 Population,Any Drug Overdose,Annual Rates,2017,2017,01/01/2017,04/20/2018,,21,21,42,41,"(40.167598388, -77.268662705)"
CUMBERLAND,0.17,Percent of Emergency Department Visits Related to Overdose,Any Opioid Overdose,Annual Rates,2017,2017,01/01/2017,04/20/2018,,21,21,42,41,"(40.167598388, -77.268662705)"
CUMBERLAND,0.66,Rate of Emergency Department Visits Related to Overdose per 1000 Population,Any Opioid Overdose,Annual Rates,2017,2017,01/01/2017,04/20/2018,,21,21,42,41,"(40.167598388, -77.268662705)"
CUMBERLAND,0.12,Percent of Emergency Department Visits Related to Overdose,Heroin Overdose,Annual Rates,2017,2017,01/01/2017,04/20/2018,,21,21,42,41,"(40.167598388, -77.268662705)"
CUMBERLAND,0.43,Rate of Emergency Department Visits Related to Overdose per 1000 Population,Heroin Overdose,Annual Rates,2017,2017,01/01/2017,04/20/2018,,21,21,42,41,"(40.167598388, -77.268662705)"
DAUPHIN,0.86,Percent of Emergency Department Visits Related to Overdose,Any Drug Overdose,Annual Rates,2017,2017,01/01/2017,04/20/2018,,22,22,42,43,"(40.4197463597, -76.7796056802)"
DAUPHIN,4.59,Rate of Emergency Department Visits Related to Overdose per 1000 Population,Any Drug Overdose,Annual Rates,2017,2017,01/01/2017,04/20/2018,,22,22,42,43,"(40.4197463597, -76.7796056802)"
DAUPHIN,0.21,Percent of Emergency Department Visits Related to Overdose,Any Opioid Overdose,Annual Rates,2017,2017,01/01/2017,04/20/2018,,22,22,42,43,"(40.4197463597, -76.7796056802)"
DAUPHIN,1.04,Rate of Emergency Department Visits Related to Overdose per 1000 Population,Any Opioid Overdose,Annual Rates,2017,2017,01/01/2017,04/20/2018,,22,22,42,43,"(40.4197463597, -76.7796056802)"
DAUPHIN,0.13,Percent of Emergency Department Visits Related to Overdose,Heroin Overdose,Annual Rates,2017,2017,01/01/2017,04/20/2018,,22,22,42,43,"(40.4197463597, -76.7796056802)"
DAUPHIN,0.65,Rate of Emergency Department Visits Related to Overdose per 1000 Population,Heroin Overdose,Annual Rates,2017,2017,01/01/2017,04/20/2018,,22,22,42,43,"(40.4197463597, -76.7796056802)"
DELAWARE,1.34,Percent of Emergency Department Visits Related to Overdose,Any Drug Overdose,Annual Rates,2017,2017,01/01/2017,04/20/2018,,23,23,42,45,"(39.9165786652, -75.4062771212)"
DELAWARE,5.01,Rate of Emergency Department Visits Related to Overdose per 1000 Population,Any Drug Overdose,Annual Rates,2017,2017,01/01/2017,04/20/2018,,23,23,42,45,"(39.9165786652, -75.4062771212)"
DELAWARE,0.5,Percent of Emergency Department Visits Related to Overdose,Any Opioid Overdose,Annual Rates,2017,2017,01/01/2017,04/20/2018,,23,23,42,45,"(39.9165786652, -75.4062771212)"
DELAWARE,1.76,Rate of Emergency Department Visits Related to Overdose per 1000 Population,Any Opioid Overdose,Annual Rates,2017,2017,01/01/2017,04/20/2018,,23,23,42,45,"(39.9165786652, -75.4062771212)"
DELAWARE,0.39,Percent of Emergency Department Visits Related to Overdose,Heroin Overdose,Annual Rates,2017,2017,01/01/2017,04/20/2018,,23,23,42,45,"(39.9165786652, -75.4062771212)"
DELAWARE,1.38,Rate of Emergency Department Visits Related to Overdose per 1000 Population,Heroin Overdose,Annual Rates,2017,2017,01/01/2017,04/20/2018,,23,23,42,45,"(39.9165786652, -75.4062771212)"
ELK,0.47,Percent of Emergency Department Visits Related to Overdose,Any Drug Overdose,Annual Rates,2017,2017,01/01/2017,04/20/2018,,24,24,42,47,"(41.4281941606, -78.6494771322)"
ELK,2.59,Rate of Emergency Department Visits Related to Overdose per 1000 Population,Any Drug Overdose,Annual Rates,2017,2017,01/01/2017,04/20/2018,,24,24,42,47,"(41.4281941606, -78.6494771322)"
ELK,0.03,Percent of Emergency Department Visits Related to Overdose,Any Opioid Overdose,Annual Rates,2017,2017,01/01/2017,04/20/2018,,24,24,42,47,"(41.4281941606, -78.6494771322)"
ELK,0.2,Rate of Emergency Department Visits Related to Overdose per 1000 Population,Any Opioid Overdose,Annual Rates,2017,2017,01/01/2017,04/20/2018,,24,24,42,47,"(41.4281941606, -78.6494771322)"
ELK,,Suppressed/Not Displayed due to county between 1 and 4,Heroin Overdose,Annual Rates,2017,2017,01/01/2017,04/20/2018,,24,24,42,47,"(41.4281941606, -78.6494771322)"
ELK,,Suppressed/Not Displayed due to county between 1 and 4,Heroin Overdose,Annual Rates,2017,2017,01/01/2017,04/20/2018,,24,24,42,47,"(41.4281941606, -78.6494771322)"
ERIE,0.8,Percent of Emergency Department Visits Related to Overdose,Any Drug Overdose,Annual Rates,2017,2017,01/01/2017,04/20/2018,Less than 100% of Emergency Departments in the County are Under Surveillance,25,25,42,49,"(41.9941378702, -80.0407591036)"
ERIE,4.09,Rate of Emergency Department Visits Related to Overdose per 1000 Population,Any Drug Overdose,Annual Rates,2017,2017,01/01/2017,04/20/2018,Less than 100% of Emergency Departments in the County are Under Surveillance,25,25,42,49,"(41.9941378702, -80.0407591036)"
ERIE,0.19,Percent of Emergency Department Visits Related to Overdose,Any Opioid Overdose,Annual Rates,2017,2017,01/01/2017,04/20/2018,Less than 100% of Emergency Departments in the County are Under Surveillance,25,25,42,49,"(41.9941378702, -80.0407591036)"
ERIE,0.96,Rate of Emergency Department Visits Related to Overdose per 1000 Population,Any Opioid Overdose,Annual Rates,2017,2017,01/01/2017,04/20/2018,Less than 100% of Emergency Departments in the County are Under Surveillance,25,25,42,49,"(41.9941378702, -80.0407591036)"
ERIE,0.13,Percent of Emergency Department Visits Related to Overdose,Heroin Overdose,Annual Rates,2017,2017,01/01/2017,04/20/2018,Less than 100% of Emergency Departments in the County are Under Surveillance,25,25,42,49,"(41.9941378702, -80.0407591036)"
ERIE,0.66,Rate of Emergency Department Visits Related to Overdose per 1000 Population,Heroin Overdose,Annual Rates,2017,2017,01/01/2017,04/20/2018,Less than 100% of Emergency Departments in the County are Under Surveillance,25,25,42,49,"(41.9941378702, -80.0407591036)"
FAYETTE,0.93,Percent of Emergency Department Visits Related to Overdose,Any Drug Overdose,Annual Rates,2017,2017,01/01/2017,04/20/2018,,26,26,42,51,"(39.919447803, -79.6518963464)"
FAYETTE,5.36,Rate of Emergency Department Visits Related to Overdose per 1000 Population,Any Drug Overdose,Annual Rates,2017,2017,01/01/2017,04/20/2018,,26,26,42,51,"(39.919447803, -79.6518963464)"
FAYETTE,0.3,Percent of Emergency Department Visits Related to Overdose,Any Opioid Overdose,Annual Rates,2017,2017,01/01/2017,04/20/2018,,26,26,42,51,"(39.919447803, -79.6518963464)"
FAYETTE,1.63,Rate of Emergency Department Visits Related to Overdose per 1000 Population,Any Opioid Overdose,Annual Rates,2017,2017,01/01/2017,04/20/2018,,26,26,42,51,"(39.919447803, -79.6518963464)"
FAYETTE,0.22,Percent of Emergency Department Visits Related to Overdose,Heroin Overdose,Annual Rates,2017,2017,01/01/2017,04/20/2018,,26,26,42,51,"(39.919447803, -79.6518963464)"
FAYETTE,1.22,Rate of Emergency Department Visits Related to Overdose per 1000 Population,Heroin Overdose,Annual Rates,2017,2017,01/01/2017,04/20/2018,,26,26,42,51,"(39.919447803, -79.6518963464)"
FOREST,,Suppressed/Not Displayed due to county between 1 and 4,Any Drug Overdose,Annual Rates,2017,2017,01/01/2017,04/20/2018,No Emergency Department Identified in County,27,27,42,53,"(41.5135787577, -79.2378099483)"
FOREST,,Not Applicable,Any Drug Overdose,Annual Rates,2017,2017,01/01/2017,04/20/2018,No Emergency Department Identified in County,27,27,42,53,"(41.5135787577, -79.2378099483)"
FOREST,,Suppressed/Not Displayed due to county between 1 and 4,Any Opioid Overdose,Annual Rates,2017,2017,01/01/2017,04/20/2018,No Emergency Department Identified in County,27,27,42,53,"(41.5135787577, -79.2378099483)"
FOREST,,Not Applicable,Any Opioid Overdose,Annual Rates,2017,2017,01/01/2017,04/20/2018,No Emergency Department Identified in County,27,27,42,53,"(41.5135787577, -79.2378099483)"
FOREST,,Suppressed/Not Displayed due to county between 1 and 4,Heroin Overdose,Annual Rates,2017,2017,01/01/2017,04/20/2018,No Emergency Department Identified in County,27,27,42,53,"(41.5135787577, -79.2378099483)"
FOREST,,Not Applicable,Heroin Overdose,Annual Rates,2017,2017,01/01/2017,04/20/2018,No Emergency Department Identified in County,27,27,42,53,"(41.5135787577, -79.2378099483)"
FRANKLIN,0.67,Percent of Emergency Department Visits Related to Overdose,Any Drug Overdose,Annual Rates,2017,2017,01/01/2017,04/20/2018,,28,28,42,55,"(39.9278619704, -77.7239884483)"
FRANKLIN,2.76,Rate of Emergency Department Visits Related to Overdose per 1000 Population,Any Drug Overdose,Annual Rates,2017,2017,01/01/2017,04/20/2018,,28,28,42,55,"(39.9278619704, -77.7239884483)"
FRANKLIN,0.01,Percent of Emergency Department Visits Related to Overdose,Any Opioid Overdose,Annual Rates,2017,2017,01/01/2017,04/20/2018,,28,28,42,55,"(39.9278619704, -77.7239884483)"
FRANKLIN,0.08,Rate of Emergency Department Visits Related to Overdose per 1000 Population,Any Opioid Overdose,Annual Rates,2017,2017,01/01/2017,04/20/2018,,28,28,42,55,"(39.9278619704, -77.7239884483)"
FRANKLIN,0.01,Percent of Emergency Department Visits Related to Overdose,Heroin Overdose,Annual Rates,2017,2017,01/01/2017,04/20/2018,,28,28,42,55,"(39.9278619704, -77.7239884483)"
FRANKLIN,0.07,Rate of Emergency Department Visits Related to Overdose per 1000 Population,Heroin Overdose,Annual Rates,2017,2017,01/01/2017,04/20/2018,,28,28,42,55,"(39.9278619704, -77.7239884483)"
FULTON,0.6,Percent of Emergency Department Visits Related to Overdose,Any Drug Overdose,Annual Rates,2017,2017,01/01/2017,04/20/2018,,29,29,42,57,"(39.9248751086, -78.1148504535)"
FULTON,2.73,Rate of Emergency Department Visits Related to Overdose per 1000 Population,Any Drug Overdose,Annual Rates,2017,2017,01/01/2017,04/20/2018,,29,29,42,57,"(39.9248751086, -78.1148504535)"
FULTON,,Suppressed/Not Displayed due to county between 1 and 4,Any Opioid Overdose,Annual Rates,2017,2017,01/01/2017,04/20/2018,,29,29,42,57,"(39.9248751086, -78.1148504535)"
FULTON,0.07,Percent of Emergency Department Visits Related to Overdose,Any Opioid Overdose,Annual Rates,2017,2017,01/01/2017,04/20/2018,,29,29,42,57,"(39.9248751086, -78.1148504535)"
FULTON,,Suppressed/Not Displayed due to county between 1 and 4,Heroin Overdose,Annual Rates,2017,2017,01/01/2017,04/20/2018,,29,29,42,57,"(39.9248751086, -78.1148504535)"
FULTON,0.06,Percent of Emergency Department Visits Related to Overdose,Heroin Overdose,Annual Rates,2017,2017,01/01/2017,04/20/2018,,29,29,42,57,"(39.9248751086, -78.1148504535)"
GREENE,0.38,Percent of Emergency Department Visits Related to Overdose,Any Drug Overdose,Annual Rates,2017,2017,01/01/2017,04/20/2018,,30,30,42,59,"(39.8548039342, -80.2294381655)"
GREENE,2.47,Rate of Emergency Department Visits Related to Overdose per 1000 Population,Any Drug Overdose,Annual Rates,2017,2017,01/01/2017,04/20/2018,,30,30,42,59,"(39.8548039342, -80.2294381655)"
GREENE,,Suppressed/Not Displayed due to county between 1 and 4,Any Opioid Overdose,Annual Rates,2017,2017,01/01/2017,04/20/2018,,30,30,42,59,"(39.8548039342, -80.2294381655)"
GREENE,0.4,Rate of Emergency Department Visits Related to Overdose per 1000 Population,Any Opioid Overdose,Annual Rates,2017,2017,01/01/2017,04/20/2018,,30,30,42,59,"(39.8548039342, -80.2294381655)"
GREENE,,Suppressed/Not Displayed due to county between 1 and 4,Heroin Overdose,Annual Rates,2017,2017,01/01/2017,04/20/2018,,30,30,42,59,"(39.8548039342, -80.2294381655)"
GREENE,0.19,Rate of Emergency Department Visits Related to Overdose per 1000 Population,Heroin Overdose,Annual Rates,2017,2017,01/01/2017,04/20/2018,,30,30,42,59,"(39.8548039342, -80.2294381655)"
HUNTINGDON,0.73,Percent of Emergency Department Visits Related to Overdose,Any Drug Overdose,Annual Rates,2017,2017,01/01/2017,04/20/2018,,31,31,42,61,"(40.4161050032, -77.9827661036)"
HUNTINGDON,3.31,Rate of Emergency Department Visits Related to Overdose per 1000 Population,Any Drug Overdose,Annual Rates,2017,2017,01/01/2017,04/20/2018,,31,31,42,61,"(40.4161050032, -77.9827661036)"
HUNTINGDON,0,Percent of Emergency Department Visits Related to Overdose,Any Opioid Overdose,Annual Rates,2017,2017,01/01/2017,04/20/2018,,31,31,42,61,"(40.4161050032, -77.9827661036)"
HUNTINGDON,0.2,Rate of Emergency Department Visits Related to Overdose per 1000 Population,Any Opioid Overdose,Annual Rates,2017,2017,01/01/2017,04/20/2018,,31,31,42,61,"(40.4161050032, -77.9827661036)"
HUNTINGDON,0,Percent of Emergency Department Visits Related to Overdose,Heroin Overdose,Annual Rates,2017,2017,01/01/2017,04/20/2018,,31,31,42,61,"(40.4161050032, -77.9827661036)"
HUNTINGDON,0.18,Rate of Emergency Department Visits Related to Overdose per 1000 Population,Heroin Overdose,Annual Rates,2017,2017,01/01/2017,04/20/2018,,31,31,42,61,"(40.4161050032, -77.9827661036)"
INDIANA,0.67,Percent of Emergency Department Visits Related to Overdose,Any Drug Overdose,Annual Rates,2017,2017,01/01/2017,04/20/2018,,32,32,42,63,"(40.6529549748, -79.0933349286)"
INDIANA,3.58,Rate of Emergency Department Visits Related to Overdose per 1000 Population,Any Drug Overdose,Annual Rates,2017,2017,01/01/2017,04/20/2018,,32,32,42,63,"(40.6529549748, -79.0933349286)"
INDIANA,0.09,Percent of Emergency Department Visits Related to Overdose,Any Opioid Overdose,Annual Rates,2017,2017,01/01/2017,04/20/2018,,32,32,42,63,"(40.6529549748, -79.0933349286)"
INDIANA,0.6,Rate of Emergency Department Visits Related to Overdose per 1000 Population,Any Opioid Overdose,Annual Rates,2017,2017,01/01/2017,04/20/2018,,32,32,42,63,"(40.6529549748, -79.0933349286)"
INDIANA,0.08,Percent of Emergency Department Visits Related to Overdose,Heroin Overdose,Annual Rates,2017,2017,01/01/2017,04/20/2018,,32,32,42,63,"(40.6529549748, -79.0933349286)"
INDIANA,0.51,Rate of Emergency Department Visits Related to Overdose per 1000 Population,Heroin Overdose,Annual Rates,2017,2017,01/01/2017,04/20/2018,,32,32,42,63,"(40.6529549748, -79.0933349286)"
JEFFERSON,0.37,Percent of Emergency Department Visits Related to Overdose,Any Drug Overdose,Annual Rates,2017,2017,01/01/2017,04/20/2018,Less than 100% of Emergency Departments in the County are Under Surveillance,33,33,42,65,"(41.1313909115, -79.0010181419)"
JEFFERSON,2.45,Rate of Emergency Department Visits Related to Overdose per 1000 Population,Any Drug Overdose,Annual Rates,2017,2017,01/01/2017,04/20/2018,Less than 100% of Emergency Departments in the County are Under Surveillance,33,33,42,65,"(41.1313909115, -79.0010181419)"
JEFFERSON,0.06,Percent of Emergency Department Visits Related to Overdose,Any Opioid Overdose,Annual Rates,2017,2017,01/01/2017,04/20/2018,Less than 100% of Emergency Departments in the County are Under Surveillance,33,33,42,65,"(41.1313909115, -79.0010181419)"
JEFFERSON,0.23,Rate of Emergency Department Visits Related to Overdose per 1000 Population,Any Opioid Overdose,Annual Rates,2017,2017,01/01/2017,04/20/2018,Less than 100% of Emergency Departments in the County are Under Surveillance,33,33,42,65,"(41.1313909115, -79.0010181419)"
JEFFERSON,0.04,Percent of Emergency Department Visits Related to Overdose,Heroin Overdose,Annual Rates,2017,2017,01/01/2017,04/20/2018,Less than 100% of Emergency Departments in the County are Under Surveillance,33,33,42,65,"(41.1313909115, -79.0010181419)"
JEFFERSON,0.16,Rate of Emergency Department Visits Related to Overdose per 1000 Population,Heroin Overdose,Annual Rates,2017,2017,01/01/2017,04/20/2018,Less than 100% of Emergency Departments in the County are Under Surveillance,33,33,42,65,"(41.1313909115, -79.0010181419)"
JUNIATA,,Not Applicable,Any Drug Overdose,Annual Rates,2017,2017,01/01/2017,04/20/2018,No Emergency Department Identified in County,34,34,42,67,"(40.5343300836, -77.405775001)"
JUNIATA,0.93,Rate of Emergency Department Visits Related to Overdose per 1000 Population,Any Drug Overdose,Annual Rates,2017,2017,01/01/2017,04/20/2018,No Emergency Department Identified in County,34,34,42,67,"(40.5343300836, -77.405775001)"
JUNIATA,,Suppressed/Not Displayed due to county between 1 and 4,Any Opioid Overdose,Annual Rates,2017,2017,01/01/2017,04/20/2018,No Emergency Department Identified in County,34,34,42,67,"(40.5343300836, -77.405775001)"
JUNIATA,,Not Applicable,Any Opioid Overdose,Annual Rates,2017,2017,01/01/2017,04/20/2018,No Emergency Department Identified in County,34,34,42,67,"(40.5343300836, -77.405775001)"
JUNIATA,,Suppressed/Not Displayed due to county between 1 and 4,Heroin Overdose,Annual Rates,2017,2017,01/01/2017,04/20/2018,No Emergency Department Identified in County,34,34,42,67,"(40.5343300836, -77.405775001)"
JUNIATA,,Not Applicable,Heroin Overdose,Annual Rates,2017,2017,01/01/2017,04/20/2018,No Emergency Department Identified in County,34,34,42,67,"(40.5343300836, -77.405775001)"
LACKAWANNA,0.84,Percent of Emergency Department Visits Related to Overdose,Any Drug Overdose,Annual Rates,2017,2017,01/01/2017,04/20/2018,,35,35,42,69,"(41.4391006428, -75.6121834524)"
LACKAWANNA,4.38,Rate of Emergency Department Visits Related to Overdose per 1000 Population,Any Drug Overdose,Annual Rates,2017,2017,01/01/2017,04/20/2018,,35,35,42,69,"(41.4391006428, -75.6121834524)"
LACKAWANNA,0.08,Percent of Emergency Department Visits Related to Overdose,Any Opioid Overdose,Annual Rates,2017,2017,01/01/2017,04/20/2018,,35,35,42,69,"(41.4391006428, -75.6121834524)"
LACKAWANNA,0.51,Rate of Emergency Department Visits Related to Overdose per 1000 Population,Any Opioid Overdose,Annual Rates,2017,2017,01/01/2017,04/20/2018,,35,35,42,69,"(41.4391006428, -75.6121834524)"
LACKAWANNA,0.04,Percent of Emergency Department Visits Related to Overdose,Heroin Overdose,Annual Rates,2017,2017,01/01/2017,04/20/2018,,35,35,42,69,"(41.4391006428, -75.6121834524)"
LACKAWANNA,0.34,Rate of Emergency Department Visits Related to Overdose per 1000 Population,Heroin Overdose,Annual Rates,2017,2017,01/01/2017,04/20/2018,,35,35,42,69,"(41.4391006428, -75.6121834524)"
LANCASTER,1.23,Percent of Emergency Department Visits Related to Overdose,Any Drug Overdose,Annual Rates,2017,2017,01/01/2017,04/20/2018,Less than 100% of Emergency Departments in the County are Under Surveillance,36,36,42,71,"(40.0459079619, -76.2513876838)"
LANCASTER,3.32,Rate of Emergency Department Visits Related to Overdose per 1000 Population,Any Drug Overdose,Annual Rates,2017,2017,01/01/2017,04/20/2018,Less than 100% of Emergency Departments in the County are Under Surveillance,36,36,42,71,"(40.0459079619, -76.2513876838)"
LANCASTER,0.22,Percent of Emergency Department Visits Related to Overdose,Any Opioid Overdose,Annual Rates,2017,2017,01/01/2017,04/20/2018,Less than 100% of Emergency Departments in the County are Under Surveillance,36,36,42,71,"(40.0459079619, -76.2513876838)"
LANCASTER,0.6,Rate of Emergency Department Visits Related to Overdose per 1000 Population,Any Opioid Overdose,Annual Rates,2017,2017,01/01/2017,04/20/2018,Less than 100% of Emergency Departments in the County are Under Surveillance,36,36,42,71,"(40.0459079619, -76.2513876838)"
LANCASTER,0.16,Percent of Emergency Department Visits Related to Overdose,Heroin Overdose,Annual Rates,2017,2017,01/01/2017,04/20/2018,Less than 100% of Emergency Departments in the County are Under Surveillance,36,36,42,71,"(40.0459079619, -76.2513876838)"
LANCASTER,0.45,Rate of Emergency Department Visits Related to Overdose per 1000 Population,Heroin Overdose,Annual Rates,2017,2017,01/01/2017,04/20/2018,Less than 100% of Emergency Departments in the County are Under Surveillance,36,36,42,71,"(40.0459079619, -76.2513876838)"
LAWRENCE,0.93,Percent of Emergency Department Visits Related to Overdose,Any Drug Overdose,Annual Rates,2017,2017,01/01/2017,04/20/2018,,37,37,42,73,"(40.9932503514, -80.3375411446)"
LAWRENCE,3.48,Rate of Emergency Department Visits Related to Overdose per 1000 Population,Any Drug Overdose,Annual Rates,2017,2017,01/01/2017,04/20/2018,,37,37,42,73,"(40.9932503514, -80.3375411446)"
LAWRENCE,0.22,Percent of Emergency Department Visits Related to Overdose,Any Opioid Overdose,Annual Rates,2017,2017,01/01/2017,04/20/2018,,37,37,42,73,"(40.9932503514, -80.3375411446)"
LAWRENCE,0.77,Rate of Emergency Department Visits Related to Overdose per 1000 Population,Any Opioid Overdose,Annual Rates,2017,2017,01/01/2017,04/20/2018,,37,37,42,73,"(40.9932503514, -80.3375411446)"
LAWRENCE,0.14,Percent of Emergency Department Visits Related to Overdose,Heroin Overdose,Annual Rates,2017,2017,01/01/2017,04/20/2018,,37,37,42,73,"(40.9932503514, -80.3375411446)"
LAWRENCE,0.53,Rate of Emergency Department Visits Related to Overdose per 1000 Population,Heroin Overdose,Annual Rates,2017,2017,01/01/2017,04/20/2018,,37,37,42,73,"(40.9932503514, -80.3375411446)"
LEBANON,0.72,Percent of Emergency Department Visits Related to Overdose,Any Drug Overdose,Annual Rates,2017,2017,01/01/2017,04/20/2018,,38,38,42,75,"(40.3675970024, -76.4618257486)"
LEBANON,2.95,Rate of Emergency Department Visits Related to Overdose per 1000 Population,Any Drug Overdose,Annual Rates,2017,2017,01/01/2017,04/20/2018,,38,38,42,75,"(40.3675970024, -76.4618257486)"
LEBANON,0.18,Percent of Emergency Department Visits Related to Overdose,Any Opioid Overdose,Annual Rates,2017,2017,01/01/2017,04/20/2018,,38,38,42,75,"(40.3675970024, -76.4618257486)"
LEBANON,0.66,Rate of Emergency Department Visits Related to Overdose per 1000 Population,Any Opioid Overdose,Annual Rates,2017,2017,01/01/2017,04/20/2018,,38,38,42,75,"(40.3675970024, -76.4618257486)"
LEBANON,0.15,Percent of Emergency Department Visits Related to Overdose,Heroin Overdose,Annual Rates,2017,2017,01/01/2017,04/20/2018,,38,38,42,75,"(40.3675970024, -76.4618257486)"
LEBANON,0.51,Rate of Emergency Department Visits Related to Overdose per 1000 Population,Heroin Overdose,Annual Rates,2017,2017,01/01/2017,04/20/2018,,38,38,42,75,"(40.3675970024, -76.4618257486)"
LEHIGH,0.76,Percent of Emergency Department Visits Related to Overdose,Any Drug Overdose,Annual Rates,2017,2017,01/01/2017,04/20/2018,,39,39,42,77,"(40.6146479416, -75.6009948118)"
LEHIGH,3.87,Rate of Emergency Department Visits Related to Overdose per 1000 Population,Any Drug Overdose,Annual Rates,2017,2017,01/01/2017,04/20/2018,,39,39,42,77,"(40.6146479416, -75.6009948118)"
LEHIGH,0.09,Percent of Emergency Department Visits Related to Overdose,Any Opioid Overdose,Annual Rates,2017,2017,01/01/2017,04/20/2018,,39,39,42,77,"(40.6146479416, -75.6009948118)"
LEHIGH,0.55,Rate of Emergency Department Visits Related to Overdose per 1000 Population,Any Opioid Overdose,Annual Rates,2017,2017,01/01/2017,04/20/2018,,39,39,42,77,"(40.6146479416, -75.6009948118)"
LEHIGH,0.07,Percent of Emergency Department Visits Related to Overdose,Heroin Overdose,Annual Rates,2017,2017,01/01/2017,04/20/2018,,39,39,42,77,"(40.6146479416, -75.6009948118)"
LEHIGH,0.43,Rate of Emergency Department Visits Related to Overdose per 1000 Population,Heroin Overdose,Annual Rates,2017,2017,01/01/2017,04/20/2018,,39,39,42,77,"(40.6146479416, -75.6009948118)"
LUZERNE,1.21,Percent of Emergency Department Visits Related to Overdose,Any Drug Overdose,Annual Rates,2017,2017,01/01/2017,04/20/2018,,40,40,42,79,"(41.1783643884, -75.991996098)"
LUZERNE,5.21,Rate of Emergency Department Visits Related to Overdose per 1000 Population,Any Drug Overdose,Annual Rates,2017,2017,01/01/2017,04/20/2018,,40,40,42,79,"(41.1783643884, -75.991996098)"
LUZERNE,0.33,Percent of Emergency Department Visits Related to Overdose,Any Opioid Overdose,Annual Rates,2017,2017,01/01/2017,04/20/2018,,40,40,42,79,"(41.1783643884, -75.991996098)"
LUZERNE,1.4,Rate of Emergency Department Visits Related to Overdose per 1000 Population,Any Opioid Overdose,Annual Rates,2017,2017,01/01/2017,04/20/2018,,40,40,42,79,"(41.1783643884, -75.991996098)"
LUZERNE,0.25,Percent of Emergency Department Visits Related to Overdose,Heroin Overdose,Annual Rates,2017,2017,01/01/2017,04/20/2018,,40,40,42,79,"(41.1783643884, -75.991996098)"
LUZERNE,1.03,Rate of Emergency Department Visits Related to Overdose per 1000 Population,Heroin Overdose,Annual Rates,2017,2017,01/01/2017,04/20/2018,,40,40,42,79,"(41.1783643884, -75.991996098)"
LYCOMING,0.61,Percent of Emergency Department Visits Related to Overdose,Any Drug Overdose,Annual Rates,2017,2017,01/01/2017,04/20/2018,,41,41,42,81,"(41.3445979226, -77.069424568)"
LYCOMING,3.45,Rate of Emergency Department Visits Related to Overdose per 1000 Population,Any Drug Overdose,Annual Rates,2017,2017,01/01/2017,04/20/2018,,41,41,42,81,"(41.3445979226, -77.069424568)"
LYCOMING,0.02,Percent of Emergency Department Visits Related to Overdose,Any Opioid Overdose,Annual Rates,2017,2017,01/01/2017,04/20/2018,,41,41,42,81,"(41.3445979226, -77.069424568)"
LYCOMING,0.2,Rate of Emergency Department Visits Related to Overdose per 1000 Population,Any Opioid Overdose,Annual Rates,2017,2017,01/01/2017,04/20/2018,,41,41,42,81,"(41.3445979226, -77.069424568)"
LYCOMING,0.02,Percent of Emergency Department Visits Related to Overdose,Heroin Overdose,Annual Rates,2017,2017,01/01/2017,04/20/2018,,41,41,42,81,"(41.3445979226, -77.069424568)"
LYCOMING,0.16,Rate of Emergency Department Visits Related to Overdose per 1000 Population,Heroin Overdose,Annual Rates,2017,2017,01/01/2017,04/20/2018,,41,41,42,81,"(41.3445979226, -77.069424568)"
MCKEAN,0.41,Percent of Emergency Department Visits Related to Overdose,Any Drug Overdose,Annual Rates,2017,2017,01/01/2017,04/20/2018,,42,42,42,83,"(41.810370736, -78.5712201998)"
MCKEAN,1.89,Rate of Emergency Department Visits Related to Overdose per 1000 Population,Any Drug Overdose,Annual Rates,2017,2017,01/01/2017,04/20/2018,,42,42,42,83,"(41.810370736, -78.5712201998)"
MCKEAN,,Suppressed/Not Displayed due to county between 1 and 4,Any Opioid Overdose,Annual Rates,2017,2017,01/01/2017,04/20/2018,,42,42,42,83,"(41.810370736, -78.5712201998)"
MCKEAN,,Suppressed/Not Displayed due to county between 1 and 4,Any Opioid Overdose,Annual Rates,2017,2017,01/01/2017,04/20/2018,,42,42,42,83,"(41.810370736, -78.5712201998)"
MCKEAN,,Suppressed/Not Displayed due to county between 1 and 4,Heroin Overdose,Annual Rates,2017,2017,01/01/2017,04/20/2018,,42,42,42,83,"(41.810370736, -78.5712201998)"
MCKEAN,0,Rate of Emergency Department Visits Related to Overdose per 1000 Population,Heroin Overdose,Annual Rates,2017,2017,01/01/2017,04/20/2018,,42,42,42,83,"(41.810370736, -78.5712201998)"
MERCER,0.81,Percent of Emergency Department Visits Related to Overdose,Any Drug Overdose,Annual Rates,2017,2017,01/01/2017,04/20/2018,,43,43,42,85,"(41.302377765, -80.2600941079)"
MERCER,5.44,Rate of Emergency Department Visits Related to Overdose per 1000 Population,Any Drug Overdose,Annual Rates,2017,2017,01/01/2017,04/20/2018,,43,43,42,85,"(41.302377765, -80.2600941079)"
MERCER,0.3,Percent of Emergency Department Visits Related to Overdose,Any Opioid Overdose,Annual Rates,2017,2017,01/01/2017,04/20/2018,,43,43,42,85,"(41.302377765, -80.2600941079)"
MERCER,2,Rate of Emergency Department Visits Related to Overdose per 1000 Population,Any Opioid Overdose,Annual Rates,2017,2017,01/01/2017,04/20/2018,,43,43,42,85,"(41.302377765, -80.2600941079)"
MERCER,0.2,Percent of Emergency Department Visits Related to Overdose,Heroin Overdose,Annual Rates,2017,2017,01/01/2017,04/20/2018,,43,43,42,85,"(41.302377765, -80.2600941079)"
MERCER,1.27,Rate of Emergency Department Visits Related to Overdose per 1000 Population,Heroin Overdose,Annual Rates,2017,2017,01/01/2017,04/20/2018,,43,43,42,85,"(41.302377765, -80.2600941079)"
MIFFLIN,0.45,Percent of Emergency Department Visits Related to Overdose,Any Drug Overdose,Annual Rates,2017,2017,01/01/2017,04/20/2018,,44,44,42,87,"(40.6127492804, -77.6200308901)"
MIFFLIN,3.11,Rate of Emergency Department Visits Related to Overdose per 1000 Population,Any Drug Overdose,Annual Rates,2017,2017,01/01/2017,04/20/2018,,44,44,42,87,"(40.6127492804, -77.6200308901)"
MIFFLIN,0.02,Percent of Emergency Department Visits Related to Overdose,Any Opioid Overdose,Annual Rates,2017,2017,01/01/2017,04/20/2018,,44,44,42,87,"(40.6127492804, -77.6200308901)"
MIFFLIN,0.13,Rate of Emergency Department Visits Related to Overdose per 1000 Population,Any Opioid Overdose,Annual Rates,2017,2017,01/01/2017,04/20/2018,,44,44,42,87,"(40.6127492804, -77.6200308901)"
MIFFLIN,,Suppressed/Not Displayed due to county between 1 and 4,Heroin Overdose,Annual Rates,2017,2017,01/01/2017,04/20/2018,,44,44,42,87,"(40.6127492804, -77.6200308901)"
MIFFLIN,,Suppressed/Not Displayed due to county between 1 and 4,Heroin Overdose,Annual Rates,2017,2017,01/01/2017,04/20/2018,,44,44,42,87,"(40.6127492804, -77.6200308901)"
MONROE,0.56,Percent of Emergency Department Visits Related to Overdose,Any Drug Overdose,Annual Rates,2017,2017,01/01/2017,04/20/2018,Less than 100% of Emergency Departments in the County are Under Surveillance,45,45,42,89,"(41.0609178653, -75.3408360302)"
MONROE,1.68,Rate of Emergency Department Visits Related to Overdose per 1000 Population,Any Drug Overdose,Annual Rates,2017,2017,01/01/2017,04/20/2018,Less than 100% of Emergency Departments in the County are Under Surveillance,45,45,42,89,"(41.0609178653, -75.3408360302)"
MONROE,0.06,Percent of Emergency Department Visits Related to Overdose,Any Opioid Overdose,Annual Rates,2017,2017,01/01/2017,04/20/2018,Less than 100% of Emergency Departments in the County are Under Surveillance,45,45,42,89,"(41.0609178653, -75.3408360302)"
MONROE,0.22,Rate of Emergency Department Visits Related to Overdose per 1000 Population,Any Opioid Overdose,Annual Rates,2017,2017,01/01/2017,04/20/2018,Less than 100% of Emergency Departments in the County are Under Surveillance,45,45,42,89,"(41.0609178653, -75.3408360302)"
MONROE,0.05,Percent of Emergency Department Visits Related to Overdose,Heroin Overdose,Annual Rates,2017,2017,01/01/2017,04/20/2018,Less than 100% of Emergency Departments in the County are Under Surveillance,45,45,42,89,"(41.0609178653, -75.3408360302)"
MONROE,0.19,Rate of Emergency Department Visits Related to Overdose per 1000 Population,Heroin Overdose,Annual Rates,2017,2017,01/01/2017,04/20/2018,Less than 100% of Emergency Departments in the County are Under Surveillance,45,45,42,89,"(41.0609178653, -75.3408360302)"
MONTGOMERY,0.48,Percent of Emergency Department Visits Related to Overdose,Any Drug Overdose,Annual Rates,2017,2017,01/01/2017,04/20/2018,Less than 100% of Emergency Departments in the County are Under Surveillance,46,46,42,91,"(40.209898739, -75.3725200072)"
MONTGOMERY,1.81,Rate of Emergency Department Visits Related to Overdose per 1000 Population,Any Drug Overdose,Annual Rates,2017,2017,01/01/2017,04/20/2018,Less than 100% of Emergency Departments in the County are Under Surveillance,46,46,42,91,"(40.209898739, -75.3725200072)"
MONTGOMERY,0.04,Percent of Emergency Department Visits Related to Overdose,Any Opioid Overdose,Annual Rates,2017,2017,01/01/2017,04/20/2018,Less than 100% of Emergency Departments in the County are Under Surveillance,46,46,42,91,"(40.209898739, -75.3725200072)"
MONTGOMERY,0.28,Rate of Emergency Department Visits Related to Overdose per 1000 Population,Any Opioid Overdose,Annual Rates,2017,2017,01/01/2017,04/20/2018,Less than 100% of Emergency Departments in the County are Under Surveillance,46,46,42,91,"(40.209898739, -75.3725200072)"
MONTGOMERY,0.03,Percent of Emergency Department Visits Related to Overdose,Heroin Overdose,Annual Rates,2017,2017,01/01/2017,04/20/2018,Less than 100% of Emergency Departments in the County are Under Surveillance,46,46,42,91,"(40.209898739, -75.3725200072)"
MONTGOMERY,0.24,Rate of Emergency Department Visits Related to Overdose per 1000 Population,Heroin Overdose,Annual Rates,2017,2017,01/01/2017,04/20/2018,Less than 100% of Emergency Departments in the County are Under Surveillance,46,46,42,91,"(40.209898739, -75.3725200072)"
MONTOUR,0.47,Percent of Emergency Department Visits Related to Overdose,Any Drug Overdose,Annual Rates,2017,2017,01/01/2017,04/20/2018,,47,47,42,93,"(41.0280182438, -76.6647052668)"
MONTOUR,2.83,Rate of Emergency Department Visits Related to Overdose per 1000 Population,Any Drug Overdose,Annual Rates,2017,2017,01/01/2017,04/20/2018,,47,47,42,93,"(41.0280182438, -76.6647052668)"
MONTOUR,0.02,Percent of Emergency Department Visits Related to Overdose,Any Opioid Overdose,Annual Rates,2017,2017,01/01/2017,04/20/2018,,47,47,42,93,"(41.0280182438, -76.6647052668)"
MONTOUR,0.33,Rate of Emergency Department Visits Related to Overdose per 1000 Population,Any Opioid Overdose,Annual Rates,2017,2017,01/01/2017,04/20/2018,,47,47,42,93,"(41.0280182438, -76.6647052668)"
MONTOUR,,Suppressed/Not Displayed due to county between 1 and 4,Heroin Overdose,Annual Rates,2017,2017,01/01/2017,04/20/2018,,47,47,42,93,"(41.0280182438, -76.6647052668)"
MONTOUR,0.02,Percent of Emergency Department Visits Related to Overdose,Heroin Overdose,Annual Rates,2017,2017,01/01/2017,04/20/2018,,47,47,42,93,"(41.0280182438, -76.6647052668)"
NORTHAMPTON,0.67,Percent of Emergency Department Visits Related to Overdose,Any Drug Overdose,Annual Rates,2017,2017,01/01/2017,04/20/2018,Less than 100% of Emergency Departments in the County are Under Surveillance,48,48,42,95,"(40.754595404, -75.3126372576)"
NORTHAMPTON,2.83,Rate of Emergency Department Visits Related to Overdose per 1000 Population,Any Drug Overdose,Annual Rates,2017,2017,01/01/2017,04/20/2018,Less than 100% of Emergency Departments in the County are Under Surveillance,48,48,42,95,"(40.754595404, -75.3126372576)"
WASHINGTON,0.99,Percent of Emergency Department Visits Related to Overdose,Any Drug Overdose,Annual Rates,2017,2017,01/01/2017,04/20/2018,,63,63,42,125,"(40.1910966345, -80.2518008276)"
NORTHAMPTON,0.14,Percent of Emergency Department Visits Related to Overdose,Any Opioid Overdose,Annual Rates,2017,2017,01/01/2017,04/20/2018,Less than 100% of Emergency Departments in the County are Under Surveillance,48,48,42,95,"(40.754595404, -75.3126372576)"
NORTHAMPTON,0.58,Rate of Emergency Department Visits Related to Overdose per 1000 Population,Any Opioid Overdose,Annual Rates,2017,2017,01/01/2017,04/20/2018,Less than 100% of Emergency Departments in the County are Under Surveillance,48,48,42,95,"(40.754595404, -75.3126372576)"
NORTHAMPTON,0.11,Percent of Emergency Department Visits Related to Overdose,Heroin Overdose,Annual Rates,2017,2017,01/01/2017,04/20/2018,Less than 100% of Emergency Departments in the County are Under Surveillance,48,48,42,95,"(40.754595404, -75.3126372576)"
NORTHAMPTON,0.43,Rate of Emergency Department Visits Related to Overdose per 1000 Population,Heroin Overdose,Annual Rates,2017,2017,01/01/2017,04/20/2018,Less than 100% of Emergency Departments in the County are Under Surveillance,48,48,42,95,"(40.754595404, -75.3126372576)"
NORTHUMBERLAND,0.55,Percent of Emergency Department Visits Related to Overdose,Any Drug Overdose,Annual Rates,2017,2017,01/01/2017,04/20/2018,,49,49,42,97,"(40.8515092572, -76.7118842273)"
NORTHUMBERLAND,3.07,Rate of Emergency Department Visits Related to Overdose per 1000 Population,Any Drug Overdose,Annual Rates,2017,2017,01/01/2017,04/20/2018,,49,49,42,97,"(40.8515092572, -76.7118842273)"
NORTHUMBERLAND,0.1,Percent of Emergency Department Visits Related to Overdose,Any Opioid Overdose,Annual Rates,2017,2017,01/01/2017,04/20/2018,,49,49,42,97,"(40.8515092572, -76.7118842273)"
NORTHUMBERLAND,0.45,Rate of Emergency Department Visits Related to Overdose per 1000 Population,Any Opioid Overdose,Annual Rates,2017,2017,01/01/2017,04/20/2018,,49,49,42,97,"(40.8515092572, -76.7118842273)"
NORTHUMBERLAND,0.06,Percent of Emergency Department Visits Related to Overdose,Heroin Overdose,Annual Rates,2017,2017,01/01/2017,04/20/2018,,49,49,42,97,"(40.8515092572, -76.7118842273)"
NORTHUMBERLAND,0.27,Rate of Emergency Department Visits Related to Overdose per 1000 Population,Heroin Overdose,Annual Rates,2017,2017,01/01/2017,04/20/2018,,49,49,42,97,"(40.8515092572, -76.7118842273)"
PENNSYLVANIA,0.86,Percent of Emergency Department Visits Related to Overdose,Any Drug Overdose,Annual Rates,2017,2017,01/01/2017,04/20/2018,,0,0,42,0,"(39.346129, -75.167756)"
PENNSYLVANIA,3.69,Rate of Emergency Department Visits Related to Overdose per 1000 Population,Any Drug Overdose,Annual Rates,2017,2017,01/01/2017,04/20/2018,,0,0,42,0,"(39.346129, -75.167756)"
PENNSYLVANIA,0.19,Percent of Emergency Department Visits Related to Overdose,Any Opioid Overdose,Annual Rates,2017,2017,01/01/2017,04/20/2018,,0,0,42,0,"(39.346129, -75.167756)"
PENNSYLVANIA,0.83,Rate of Emergency Department Visits Related to Overdose per 1000 Population,Any Opioid Overdose,Annual Rates,2017,2017,01/01/2017,04/20/2018,,0,0,42,0,"(39.346129, -75.167756)"
PENNSYLVANIA,0.14,Percent of Emergency Department Visits Related to Overdose,Heroin Overdose,Annual Rates,2017,2017,01/01/2017,04/20/2018,,0,0,42,0,"(39.346129, -75.167756)"
PENNSYLVANIA,0.62,Rate of Emergency Department Visits Related to Overdose per 1000 Population,Heroin Overdose,Annual Rates,2017,2017,01/01/2017,04/20/2018,,0,0,42,0,"(39.346129, -75.167756)"
PERRY,,Not Applicable,Any Drug Overdose,Annual Rates,2017,2017,01/01/2017,04/20/2018,No Emergency Department Identified in County,50,50,42,99,"(40.4041531744, -77.2590738496)"
PERRY,3.25,Rate of Emergency Department Visits Related to Overdose per 1000 Population,Any Drug Overdose,Annual Rates,2017,2017,01/01/2017,04/20/2018,No Emergency Department Identified in County,50,50,42,99,"(40.4041531744, -77.2590738496)"
PERRY,,Not Applicable,Any Opioid Overdose,Annual Rates,2017,2017,01/01/2017,04/20/2018,No Emergency Department Identified in County,50,50,42,99,"(40.4041531744, -77.2590738496)"
PERRY,0.74,Rate of Emergency Department Visits Related to Overdose per 1000 Population,Any Opioid Overdose,Annual Rates,2017,2017,01/01/2017,04/20/2018,No Emergency Department Identified in County,50,50,42,99,"(40.4041531744, -77.2590738496)"
PERRY,,Not Applicable,Heroin Overdose,Annual Rates,2017,2017,01/01/2017,04/20/2018,No Emergency Department Identified in County,50,50,42,99,"(40.4041531744, -77.2590738496)"
PERRY,0.39,Rate of Emergency Department Visits Related to Overdose per 1000 Population,Heroin Overdose,Annual Rates,2017,2017,01/01/2017,04/20/2018,No Emergency Department Identified in County,50,50,42,99,"(40.4041531744, -77.2590738496)"
PHILADELPHIA,1.06,Percent of Emergency Department Visits Related to Overdose,Any Drug Overdose,Annual Rates,2017,2017,01/01/2017,04/20/2018,Less than 100% of Emergency Departments in the County are Under Surveillance,51,51,42,101,"(40.0044435384, -75.140236002)"
PHILADELPHIA,6.1,Rate of Emergency Department Visits Related to Overdose per 1000 Population,Any Drug Overdose,Annual Rates,2017,2017,01/01/2017,04/20/2018,Less than 100% of Emergency Departments in the County are Under Surveillance,51,51,42,101,"(40.0044435384, -75.140236002)"
PHILADELPHIA,0.27,Percent of Emergency Department Visits Related to Overdose,Any Opioid Overdose,Annual Rates,2017,2017,01/01/2017,04/20/2018,Less than 100% of Emergency Departments in the County are Under Surveillance,51,51,42,101,"(40.0044435384, -75.140236002)"
PHILADELPHIA,1.47,Rate of Emergency Department Visits Related to Overdose per 1000 Population,Any Opioid Overdose,Annual Rates,2017,2017,01/01/2017,04/20/2018,Less than 100% of Emergency Departments in the County are Under Surveillance,51,51,42,101,"(40.0044435384, -75.140236002)"
PHILADELPHIA,0.22,Percent of Emergency Department Visits Related to Overdose,Heroin Overdose,Annual Rates,2017,2017,01/01/2017,04/20/2018,Less than 100% of Emergency Departments in the County are Under Surveillance,51,51,42,101,"(40.0044435384, -75.140236002)"
PHILADELPHIA,1.18,Rate of Emergency Department Visits Related to Overdose per 1000 Population,Heroin Overdose,Annual Rates,2017,2017,01/01/2017,04/20/2018,Less than 100% of Emergency Departments in the County are Under Surveillance,51,51,42,101,"(40.0044435384, -75.140236002)"
PIKE,,Not Applicable,Any Drug Overdose,Annual Rates,2017,2017,01/01/2017,04/20/2018,No Emergency Department Identified in County,52,52,42,103,"(41.332571995, -75.0327092448)"
PIKE,1.76,Rate of Emergency Department Visits Related to Overdose per 1000 Population,Any Drug Overdose,Annual Rates,2017,2017,01/01/2017,04/20/2018,No Emergency Department Identified in County,52,52,42,103,"(41.332571995, -75.0327092448)"
PIKE,,Not Applicable,Any Opioid Overdose,Annual Rates,2017,2017,01/01/2017,04/20/2018,No Emergency Department Identified in County,52,52,42,103,"(41.332571995, -75.0327092448)"
PIKE,0.13,Rate of Emergency Department Visits Related to Overdose per 1000 Population,Any Opioid Overdose,Annual Rates,2017,2017,01/01/2017,04/20/2018,No Emergency Department Identified in County,52,52,42,103,"(41.332571995, -75.0327092448)"
PIKE,,Not Applicable,Heroin Overdose,Annual Rates,2017,2017,01/01/2017,04/20/2018,No Emergency Department Identified in County,52,52,42,103,"(41.332571995, -75.0327092448)"
PIKE,0.09,Rate of Emergency Department Visits Related to Overdose per 1000 Population,Heroin Overdose,Annual Rates,2017,2017,01/01/2017,04/20/2018,No Emergency Department Identified in County,52,52,42,103,"(41.332571995, -75.0327092448)"
POTTER,,Not Applicable,Any Drug Overdose,Annual Rates,2017,2017,01/01/2017,04/20/2018,Less than 100% of Emergency Departments in the County are Under Surveillance,53,53,42,105,"(41.7442064382, -77.8987922939)"
POTTER,0.3,Rate of Emergency Department Visits Related to Overdose per 1000 Population,Any Drug Overdose,Annual Rates,2017,2017,01/01/2017,04/20/2018,Less than 100% of Emergency Departments in the County are Under Surveillance,53,53,42,105,"(41.7442064382, -77.8987922939)"
POTTER,,Not Applicable,Any Opioid Overdose,Annual Rates,2017,2017,01/01/2017,04/20/2018,Less than 100% of Emergency Departments in the County are Under Surveillance,53,53,42,105,"(41.7442064382, -77.8987922939)"
POTTER,0,Rate of Emergency Department Visits Related to Overdose per 1000 Population,Any Opioid Overdose,Annual Rates,2017,2017,01/01/2017,04/20/2018,Less than 100% of Emergency Departments in the County are Under Surveillance,53,53,42,105,"(41.7442064382, -77.8987922939)"
POTTER,,Not Applicable,Heroin Overdose,Annual Rates,2017,2017,01/01/2017,04/20/2018,Less than 100% of Emergency Departments in the County are Under Surveillance,53,53,42,105,"(41.7442064382, -77.8987922939)"
POTTER,0,Rate of Emergency Department Visits Related to Overdose per 1000 Population,Heroin Overdose,Annual Rates,2017,2017,01/01/2017,04/20/2018,Less than 100% of Emergency Departments in the County are Under Surveillance,53,53,42,105,"(41.7442064382, -77.8987922939)"
SCHUYLKILL,0.78,Percent of Emergency Department Visits Related to Overdose,Any Drug Overdose,Annual Rates,2017,2017,01/01/2017,04/20/2018,,54,54,42,107,"(40.707512431, -76.223323851)"
SCHUYLKILL,3.62,Rate of Emergency Department Visits Related to Overdose per 1000 Population,Any Drug Overdose,Annual Rates,2017,2017,01/01/2017,04/20/2018,,54,54,42,107,"(40.707512431, -76.223323851)"
SCHUYLKILL,0.08,Percent of Emergency Department Visits Related to Overdose,Any Opioid Overdose,Annual Rates,2017,2017,01/01/2017,04/20/2018,,54,54,42,107,"(40.707512431, -76.223323851)"
SCHUYLKILL,0.39,Rate of Emergency Department Visits Related to Overdose per 1000 Population,Any Opioid Overdose,Annual Rates,2017,2017,01/01/2017,04/20/2018,,54,54,42,107,"(40.707512431, -76.223323851)"
SCHUYLKILL,0.04,Percent of Emergency Department Visits Related to Overdose,Heroin Overdose,Annual Rates,2017,2017,01/01/2017,04/20/2018,,54,54,42,107,"(40.707512431, -76.223323851)"
SCHUYLKILL,0.25,Rate of Emergency Department Visits Related to Overdose per 1000 Population,Heroin Overdose,Annual Rates,2017,2017,01/01/2017,04/20/2018,,54,54,42,107,"(40.707512431, -76.223323851)"
SNYDER,,Not Applicable,Any Drug Overdose,Annual Rates,2017,2017,01/01/2017,04/20/2018,No Emergency Department Identified in County,55,55,42,109,"(40.7711373692, -77.0725596804)"
SNYDER,1.51,Rate of Emergency Department Visits Related to Overdose per 1000 Population,Any Drug Overdose,Annual Rates,2017,2017,01/01/2017,04/20/2018,No Emergency Department Identified in County,55,55,42,109,"(40.7711373692, -77.0725596804)"
SNYDER,,Not Applicable,Any Opioid Overdose,Annual Rates,2017,2017,01/01/2017,04/20/2018,No Emergency Department Identified in County,55,55,42,109,"(40.7711373692, -77.0725596804)"
SNYDER,0.22,Rate of Emergency Department Visits Related to Overdose per 1000 Population,Any Opioid Overdose,Annual Rates,2017,2017,01/01/2017,04/20/2018,No Emergency Department Identified in County,55,55,42,109,"(40.7711373692, -77.0725596804)"
SNYDER,,Not Applicable,Heroin Overdose,Annual Rates,2017,2017,01/01/2017,04/20/2018,No Emergency Department Identified in County,55,55,42,109,"(40.7711373692, -77.0725596804)"
SNYDER,0.17,Rate of Emergency Department Visits Related to Overdose per 1000 Population,Heroin Overdose,Annual Rates,2017,2017,01/01/2017,04/20/2018,No Emergency Department Identified in County,55,55,42,109,"(40.7711373692, -77.0725596804)"
SOMERSET,0.45,Percent of Emergency Department Visits Related to Overdose,Any Drug Overdose,Annual Rates,2017,2017,01/01/2017,04/20/2018,,56,56,42,111,"(39.9714629901, -79.0310020611)"
SOMERSET,2.77,Rate of Emergency Department Visits Related to Overdose per 1000 Population,Any Drug Overdose,Annual Rates,2017,2017,01/01/2017,04/20/2018,,56,56,42,111,"(39.9714629901, -79.0310020611)"
SOMERSET,,Suppressed/Not Displayed due to county between 1 and 4,Any Opioid Overdose,Annual Rates,2017,2017,01/01/2017,04/20/2018,,56,56,42,111,"(39.9714629901, -79.0310020611)"
SOMERSET,0.35,Rate of Emergency Department Visits Related to Overdose per 1000 Population,Any Opioid Overdose,Annual Rates,2017,2017,01/01/2017,04/20/2018,,56,56,42,111,"(39.9714629901, -79.0310020611)"
SOMERSET,,Suppressed/Not Displayed due to county between 1 and 4,Heroin Overdose,Annual Rates,2017,2017,01/01/2017,04/20/2018,,56,56,42,111,"(39.9714629901, -79.0310020611)"
SOMERSET,0.31,Rate of Emergency Department Visits Related to Overdose per 1000 Population,Heroin Overdose,Annual Rates,2017,2017,01/01/2017,04/20/2018,,56,56,42,111,"(39.9714629901, -79.0310020611)"
SULLIVAN,,Not Applicable,Any Drug Overdose,Annual Rates,2017,2017,01/01/2017,04/20/2018,No Emergency Department Identified in County,57,57,42,113,"(41.4480993958, -76.5147922046)"
SULLIVAN,1.3,Rate of Emergency Department Visits Related to Overdose per 1000 Population,Any Drug Overdose,Annual Rates,2017,2017,01/01/2017,04/20/2018,No Emergency Department Identified in County,57,57,42,113,"(41.4480993958, -76.5147922046)"
SULLIVAN,,Not Applicable,Any Opioid Overdose,Annual Rates,2017,2017,01/01/2017,04/20/2018,No Emergency Department Identified in County,57,57,42,113,"(41.4480993958, -76.5147922046)"
SULLIVAN,0,Rate of Emergency Department Visits Related to Overdose per 1000 Population,Any Opioid Overdose,Annual Rates,2017,2017,01/01/2017,04/20/2018,No Emergency Department Identified in County,57,57,42,113,"(41.4480993958, -76.5147922046)"
SULLIVAN,,Not Applicable,Heroin Overdose,Annual Rates,2017,2017,01/01/2017,04/20/2018,No Emergency Department Identified in County,57,57,42,113,"(41.4480993958, -76.5147922046)"
SULLIVAN,0,Rate of Emergency Department Visits Related to Overdose per 1000 Population,Heroin Overdose,Annual Rates,2017,2017,01/01/2017,04/20/2018,No Emergency Department Identified in County,57,57,42,113,"(41.4480993958, -76.5147922046)"
SUSQUEHANNA,0.4,Percent of Emergency Department Visits Related to Overdose,Any Drug Overdose,Annual Rates,2017,2017,01/01/2017,04/20/2018,,58,58,42,115,"(41.8205685982, -75.8025030296)"
SUSQUEHANNA,2.01,Rate of Emergency Department Visits Related to Overdose per 1000 Population,Any Drug Overdose,Annual Rates,2017,2017,01/01/2017,04/20/2018,,58,58,42,115,"(41.8205685982, -75.8025030296)"
SUSQUEHANNA,0.08,Percent of Emergency Department Visits Related to Overdose,Any Opioid Overdose,Annual Rates,2017,2017,01/01/2017,04/20/2018,,58,58,42,115,"(41.8205685982, -75.8025030296)"
SUSQUEHANNA,0.37,Rate of Emergency Department Visits Related to Overdose per 1000 Population,Any Opioid Overdose,Annual Rates,2017,2017,01/01/2017,04/20/2018,,58,58,42,115,"(41.8205685982, -75.8025030296)"
SUSQUEHANNA,,Suppressed/Not Displayed due to county between 1 and 4,Heroin Overdose,Annual Rates,2017,2017,01/01/2017,04/20/2018,,58,58,42,115,"(41.8205685982, -75.8025030296)"
SUSQUEHANNA,0.15,Rate of Emergency Department Visits Related to Overdose per 1000 Population,Heroin Overdose,Annual Rates,2017,2017,01/01/2017,04/20/2018,,58,58,42,115,"(41.8205685982, -75.8025030296)"
TIOGA,0.7,Percent of Emergency Department Visits Related to Overdose,Any Drug Overdose,Annual Rates,2017,2017,01/01/2017,04/20/2018,,59,59,42,117,"(41.7733383358, -77.2578807579)"
TIOGA,2.77,Rate of Emergency Department Visits Related to Overdose per 1000 Population,Any Drug Overdose,Annual Rates,2017,2017,01/01/2017,04/20/2018,,59,59,42,117,"(41.7733383358, -77.2578807579)"
TIOGA,,Suppressed/Not Displayed due to county between 1 and 4,Any Opioid Overdose,Annual Rates,2017,2017,01/01/2017,04/20/2018,,59,59,42,117,"(41.7733383358, -77.2578807579)"
TIOGA,0,Percent of Emergency Department Visits Related to Overdose,Any Opioid Overdose,Annual Rates,2017,2017,01/01/2017,04/20/2018,,59,59,42,117,"(41.7733383358, -77.2578807579)"
TIOGA,,Suppressed/Not Displayed due to county between 1 and 4,Heroin Overdose,Annual Rates,2017,2017,01/01/2017,04/20/2018,,59,59,42,117,"(41.7733383358, -77.2578807579)"
TIOGA,0,Percent of Emergency Department Visits Related to Overdose,Heroin Overdose,Annual Rates,2017,2017,01/01/2017,04/20/2018,,59,59,42,117,"(41.7733383358, -77.2578807579)"
UNION,0.61,Percent of Emergency Department Visits Related to Overdose,Any Drug Overdose,Annual Rates,2017,2017,01/01/2017,04/20/2018,,60,60,42,119,"(40.9647313096, -77.0641580308)"
UNION,2.08,Rate of Emergency Department Visits Related to Overdose per 1000 Population,Any Drug Overdose,Annual Rates,2017,2017,01/01/2017,04/20/2018,,60,60,42,119,"(40.9647313096, -77.0641580308)"
UNION,0.11,Percent of Emergency Department Visits Related to Overdose,Any Opioid Overdose,Annual Rates,2017,2017,01/01/2017,04/20/2018,,60,60,42,119,"(40.9647313096, -77.0641580308)"
UNION,0.35,Rate of Emergency Department Visits Related to Overdose per 1000 Population,Any Opioid Overdose,Annual Rates,2017,2017,01/01/2017,04/20/2018,,60,60,42,119,"(40.9647313096, -77.0641580308)"
UNION,0.06,Percent of Emergency Department Visits Related to Overdose,Heroin Overdose,Annual Rates,2017,2017,01/01/2017,04/20/2018,,60,60,42,119,"(40.9647313096, -77.0641580308)"
UNION,0.15,Rate of Emergency Department Visits Related to Overdose per 1000 Population,Heroin Overdose,Annual Rates,2017,2017,01/01/2017,04/20/2018,,60,60,42,119,"(40.9647313096, -77.0641580308)"
VENANGO,0.62,Percent of Emergency Department Visits Related to Overdose,Any Drug Overdose,Annual Rates,2017,2017,01/01/2017,04/20/2018,,61,61,42,121,"(41.4034125863, -79.7628656104)"
VENANGO,3.71,Rate of Emergency Department Visits Related to Overdose per 1000 Population,Any Drug Overdose,Annual Rates,2017,2017,01/01/2017,04/20/2018,,61,61,42,121,"(41.4034125863, -79.7628656104)"
VENANGO,0.13,Percent of Emergency Department Visits Related to Overdose,Any Opioid Overdose,Annual Rates,2017,2017,01/01/2017,04/20/2018,,61,61,42,121,"(41.4034125863, -79.7628656104)"
VENANGO,0.65,Rate of Emergency Department Visits Related to Overdose per 1000 Population,Any Opioid Overdose,Annual Rates,2017,2017,01/01/2017,04/20/2018,,61,61,42,121,"(41.4034125863, -79.7628656104)"
VENANGO,0.06,Percent of Emergency Department Visits Related to Overdose,Heroin Overdose,Annual Rates,2017,2017,01/01/2017,04/20/2018,,61,61,42,121,"(41.4034125863, -79.7628656104)"
VENANGO,0.27,Rate of Emergency Department Visits Related to Overdose per 1000 Population,Heroin Overdose,Annual Rates,2017,2017,01/01/2017,04/20/2018,,61,61,42,121,"(41.4034125863, -79.7628656104)"
WARREN,0.3,Percent of Emergency Department Visits Related to Overdose,Any Drug Overdose,Annual Rates,2017,2017,01/01/2017,04/20/2018,,62,62,42,123,"(41.8167523652, -79.278581578)"
WARREN,2.47,Rate of Emergency Department Visits Related to Overdose per 1000 Population,Any Drug Overdose,Annual Rates,2017,2017,01/01/2017,04/20/2018,,62,62,42,123,"(41.8167523652, -79.278581578)"
WARREN,,Suppressed/Not Displayed due to county between 1 and 4,Any Opioid Overdose,Annual Rates,2017,2017,01/01/2017,04/20/2018,,62,62,42,123,"(41.8167523652, -79.278581578)"
WARREN,0.12,Rate of Emergency Department Visits Related to Overdose per 1000 Population,Any Opioid Overdose,Annual Rates,2017,2017,01/01/2017,04/20/2018,,62,62,42,123,"(41.8167523652, -79.278581578)"
WARREN,,Suppressed/Not Displayed due to county between 1 and 4,Heroin Overdose,Annual Rates,2017,2017,01/01/2017,04/20/2018,,62,62,42,123,"(41.8167523652, -79.278581578)"
WARREN,,Suppressed/Not Displayed due to county between 1 and 4,Heroin Overdose,Annual Rates,2017,2017,01/01/2017,04/20/2018,,62,62,42,123,"(41.8167523652, -79.278581578)"
WASHINGTON,4.24,Rate of Emergency Department Visits Related to Overdose per 1000 Population,Any Drug Overdose,Annual Rates,2017,2017,01/01/2017,04/20/2018,,63,63,42,125,"(40.1910966345, -80.2518008276)"
WASHINGTON,0.25,Percent of Emergency Department Visits Related to Overdose,Any Opioid Overdose,Annual Rates,2017,2017,01/01/2017,04/20/2018,,63,63,42,125,"(40.1910966345, -80.2518008276)"
WASHINGTON,1.02,Rate of Emergency Department Visits Related to Overdose per 1000 Population,Any Opioid Overdose,Annual Rates,2017,2017,01/01/2017,04/20/2018,,63,63,42,125,"(40.1910966345, -80.2518008276)"
WASHINGTON,0.21,Percent of Emergency Department Visits Related to Overdose,Heroin Overdose,Annual Rates,2017,2017,01/01/2017,04/20/2018,,63,63,42,125,"(40.1910966345, -80.2518008276)"
WASHINGTON,0.81,Rate of Emergency Department Visits Related to Overdose per 1000 Population,Heroin Overdose,Annual Rates,2017,2017,01/01/2017,04/20/2018,,63,63,42,125,"(40.1910966345, -80.2518008276)"
WAYNE,0.59,Percent of Emergency Department Visits Related to Overdose,Any Drug Overdose,Annual Rates,2017,2017,01/01/2017,04/20/2018,,64,64,42,127,"(41.6496980525, -75.3051535022)"
WAYNE,2.39,Rate of Emergency Department Visits Related to Overdose per 1000 Population,Any Drug Overdose,Annual Rates,2017,2017,01/01/2017,04/20/2018,,64,64,42,127,"(41.6496980525, -75.3051535022)"
WAYNE,0.06,Percent of Emergency Department Visits Related to Overdose,Any Opioid Overdose,Annual Rates,2017,2017,01/01/2017,04/20/2018,,64,64,42,127,"(41.6496980525, -75.3051535022)"
WAYNE,0.32,Rate of Emergency Department Visits Related to Overdose per 1000 Population,Any Opioid Overdose,Annual Rates,2017,2017,01/01/2017,04/20/2018,,64,64,42,127,"(41.6496980525, -75.3051535022)"
WAYNE,,Suppressed/Not Displayed due to county between 1 and 4,Heroin Overdose,Annual Rates,2017,2017,01/01/2017,04/20/2018,,64,64,42,127,"(41.6496980525, -75.3051535022)"
WAYNE,0.14,Rate of Emergency Department Visits Related to Overdose per 1000 Population,Heroin Overdose,Annual Rates,2017,2017,01/01/2017,04/20/2018,,64,64,42,127,"(41.6496980525, -75.3051535022)"
WESTMORELAND,0.76,Percent of Emergency Department Visits Related to Overdose,Any Drug Overdose,Annual Rates,2017,2017,01/01/2017,04/20/2018,,65,65,42,129,"(40.3103149985, -79.471341176)"
WESTMORELAND,4.21,Rate of Emergency Department Visits Related to Overdose per 1000 Population,Any Drug Overdose,Annual Rates,2017,2017,01/01/2017,04/20/2018,,65,65,42,129,"(40.3103149985, -79.471341176)"
WESTMORELAND,0.01,Percent of Emergency Department Visits Related to Overdose,Any Opioid Overdose,Annual Rates,2017,2017,01/01/2017,04/20/2018,,65,65,42,129,"(40.3103149985, -79.471341176)"
WESTMORELAND,0.81,Rate of Emergency Department Visits Related to Overdose per 1000 Population,Any Opioid Overdose,Annual Rates,2017,2017,01/01/2017,04/20/2018,,65,65,42,129,"(40.3103149985, -79.471341176)"
WESTMORELAND,0.01,Percent of Emergency Department Visits Related to Overdose,Heroin Overdose,Annual Rates,2017,2017,01/01/2017,04/20/2018,,65,65,42,129,"(40.3103149985, -79.471341176)"
WESTMORELAND,0.61,Rate of Emergency Department Visits Related to Overdose per 1000 Population,Heroin Overdose,Annual Rates,2017,2017,01/01/2017,04/20/2018,,65,65,42,129,"(40.3103149985, -79.471341176)"
WYOMING,,Not Applicable,Any Drug Overdose,Annual Rates,2017,2017,01/01/2017,04/20/2018,Less than 100% of Emergency Departments in the County are Under Surveillance,66,66,42,131,"(41.5189248803, -76.0181300338)"
WYOMING,1.38,Rate of Emergency Department Visits Related to Overdose per 1000 Population,Any Drug Overdose,Annual Rates,2017,2017,01/01/2017,04/20/2018,Less than 100% of Emergency Departments in the County are Under Surveillance,66,66,42,131,"(41.5189248803, -76.0181300338)"
WYOMING,,Not Applicable,Any Opioid Overdose,Annual Rates,2017,2017,01/01/2017,04/20/2018,Less than 100% of Emergency Departments in the County are Under Surveillance,66,66,42,131,"(41.5189248803, -76.0181300338)"
WYOMING,0.55,Rate of Emergency Department Visits Related to Overdose per 1000 Population,Any Opioid Overdose,Annual Rates,2017,2017,01/01/2017,04/20/2018,Less than 100% of Emergency Departments in the County are Under Surveillance,66,66,42,131,"(41.5189248803, -76.0181300338)"
WYOMING,,Not Applicable,Heroin Overdose,Annual Rates,2017,2017,01/01/2017,04/20/2018,Less than 100% of Emergency Departments in the County are Under Surveillance,66,66,42,131,"(41.5189248803, -76.0181300338)"
WYOMING,0.44,Rate of Emergency Department Visits Related to Overdose per 1000 Population,Heroin Overdose,Annual Rates,2017,2017,01/01/2017,04/20/2018,Less than 100% of Emergency Departments in the County are Under Surveillance,66,66,42,131,"(41.5189248803, -76.0181300338)"
YORK,1.09,Percent of Emergency Department Visits Related to Overdose,Any Drug Overdose,Annual Rates,2017,2017,01/01/2017,04/20/2018,Less than 100% of Emergency Departments in the County are Under Surveillance,67,67,42,133,"(39.9219253124, -76.7257605231)"
YORK,3.03,Rate of Emergency Department Visits Related to Overdose per 1000 Population,Any Drug Overdose,Annual Rates,2017,2017,01/01/2017,04/20/2018,Less than 100% of Emergency Departments in the County are Under Surveillance,67,67,42,133,"(39.9219253124, -76.7257605231)"
YORK,0.19,Percent of Emergency Department Visits Related to Overdose,Any Opioid Overdose,Annual Rates,2017,2017,01/01/2017,04/20/2018,Less than 100% of Emergency Departments in the County are Under Surveillance,67,67,42,133,"(39.9219253124, -76.7257605231)"
YORK,0.58,Rate of Emergency Department Visits Related to Overdose per 1000 Population,Any Opioid Overdose,Annual Rates,2017,2017,01/01/2017,04/20/2018,Less than 100% of Emergency Departments in the County are Under Surveillance,67,67,42,133,"(39.9219253124, -76.7257605231)"
YORK,0.12,Percent of Emergency Department Visits Related to Overdose,Heroin Overdose,Annual Rates,2017,2017,01/01/2017,04/20/2018,Less than 100% of Emergency Departments in the County are Under Surveillance,67,67,42,133,"(39.9219253124, -76.7257605231)"
YORK,0.38,Rate of Emergency Department Visits Related to Overdose per 1000 Population,Heroin Overdose,Annual Rates,2017,2017,01/01/2017,04/20/2018,Less than 100% of Emergency Departments in the County are Under Surveillance,67,67,42,133,"(39.9219253124, -76.7257605231)"
